-- Adminer 3.3.3 MySQL dump

SET NAMES utf8;
SET foreign_key_checks = 0;
SET time_zone = 'SYSTEM';
SET sql_mode = 'NO_AUTO_VALUE_ON_ZERO';

DROP TABLE IF EXISTS `acos`;
CREATE TABLE `acos` (
  `id` int(10) unsigned NOT NULL AUTO_INCREMENT,
  `parent_id` int(10) DEFAULT NULL,
  `model` varchar(255) COLLATE utf8_czech_ci DEFAULT '',
  `foreign_key` int(10) unsigned DEFAULT NULL,
  `alias` varchar(255) COLLATE utf8_czech_ci DEFAULT '',
  `lft` int(10) DEFAULT NULL,
  `rght` int(10) DEFAULT NULL,
  PRIMARY KEY (`id`),
  KEY `lft_rght` (`lft`,`rght`),
  KEY `alias` (`alias`),
  KEY `model_foreign_key` (`model`,`foreign_key`)
) ENGINE=InnoDB DEFAULT CHARSET=utf8 COLLATE=utf8_czech_ci;

INSERT INTO `acos` (`id`, `parent_id`, `model`, `foreign_key`, `alias`, `lft`, `rght`) VALUES
(1,	NULL,	NULL,	NULL,	'controllers',	1,	1694),
(2,	1,	NULL,	NULL,	'Pages',	2,	19),
(3,	2,	NULL,	NULL,	'display',	3,	4),
(4,	2,	NULL,	NULL,	'add',	5,	6),
(5,	2,	NULL,	NULL,	'edit',	7,	8),
(6,	2,	NULL,	NULL,	'index',	9,	10),
(7,	2,	NULL,	NULL,	'view',	11,	12),
(8,	2,	NULL,	NULL,	'delete',	13,	14),
(9,	1,	NULL,	NULL,	'Addresses',	20,	39),
(10,	9,	NULL,	NULL,	'user_add',	21,	22),
(11,	9,	NULL,	NULL,	'user_edit',	23,	24),
(12,	9,	NULL,	NULL,	'user_delete',	25,	26),
(13,	9,	NULL,	NULL,	'add',	27,	28),
(14,	9,	NULL,	NULL,	'edit',	29,	30),
(15,	9,	NULL,	NULL,	'index',	31,	32),
(16,	9,	NULL,	NULL,	'view',	33,	34),
(17,	9,	NULL,	NULL,	'delete',	35,	36),
(18,	1,	NULL,	NULL,	'AddressTypes',	40,	61),
(19,	18,	NULL,	NULL,	'user_index',	41,	42),
(20,	18,	NULL,	NULL,	'user_add',	43,	44),
(21,	18,	NULL,	NULL,	'user_edit',	45,	46),
(22,	18,	NULL,	NULL,	'user_delete',	47,	48),
(23,	18,	NULL,	NULL,	'add',	49,	50),
(24,	18,	NULL,	NULL,	'edit',	51,	52),
(25,	18,	NULL,	NULL,	'index',	53,	54),
(26,	18,	NULL,	NULL,	'view',	55,	56),
(27,	18,	NULL,	NULL,	'delete',	57,	58),
(28,	1,	NULL,	NULL,	'Anniversaries',	62,	83),
(29,	28,	NULL,	NULL,	'user_index',	63,	64),
(30,	28,	NULL,	NULL,	'user_add',	65,	66),
(31,	28,	NULL,	NULL,	'user_edit',	67,	68),
(32,	28,	NULL,	NULL,	'user_delete',	69,	70),
(33,	28,	NULL,	NULL,	'add',	71,	72),
(34,	28,	NULL,	NULL,	'edit',	73,	74),
(35,	28,	NULL,	NULL,	'index',	75,	76),
(36,	28,	NULL,	NULL,	'view',	77,	78),
(37,	28,	NULL,	NULL,	'delete',	79,	80),
(38,	1,	NULL,	NULL,	'AnniversaryActions',	84,	97),
(39,	38,	NULL,	NULL,	'add',	85,	86),
(40,	38,	NULL,	NULL,	'edit',	87,	88),
(41,	38,	NULL,	NULL,	'index',	89,	90),
(42,	38,	NULL,	NULL,	'view',	91,	92),
(43,	38,	NULL,	NULL,	'delete',	93,	94),
(44,	1,	NULL,	NULL,	'AnniversaryTypes',	98,	119),
(45,	44,	NULL,	NULL,	'user_index',	99,	100),
(46,	44,	NULL,	NULL,	'user_add',	101,	102),
(47,	44,	NULL,	NULL,	'user_edit',	103,	104),
(48,	44,	NULL,	NULL,	'user_delete',	105,	106),
(49,	44,	NULL,	NULL,	'add',	107,	108),
(50,	44,	NULL,	NULL,	'edit',	109,	110),
(51,	44,	NULL,	NULL,	'index',	111,	112),
(52,	44,	NULL,	NULL,	'view',	113,	114),
(53,	44,	NULL,	NULL,	'delete',	115,	116),
(54,	1,	NULL,	NULL,	'BusinessPartners',	120,	153),
(55,	54,	NULL,	NULL,	'user_index',	121,	122),
(56,	54,	NULL,	NULL,	'user_view',	123,	124),
(57,	54,	NULL,	NULL,	'user_add',	125,	126),
(58,	54,	NULL,	NULL,	'user_edit',	127,	128),
(59,	54,	NULL,	NULL,	'user_delete',	129,	130),
(60,	54,	NULL,	NULL,	'add',	131,	132),
(61,	54,	NULL,	NULL,	'edit',	133,	134),
(62,	54,	NULL,	NULL,	'index',	135,	136),
(63,	54,	NULL,	NULL,	'view',	137,	138),
(64,	54,	NULL,	NULL,	'delete',	139,	140),
(65,	1,	NULL,	NULL,	'BusinessSessions',	154,	189),
(66,	65,	NULL,	NULL,	'user_index',	155,	156),
(67,	65,	NULL,	NULL,	'user_view',	157,	158),
(68,	65,	NULL,	NULL,	'user_add',	159,	160),
(69,	65,	NULL,	NULL,	'user_invite',	161,	162),
(70,	65,	NULL,	NULL,	'user_close',	163,	164),
(71,	65,	NULL,	NULL,	'user_storno',	165,	166),
(72,	65,	NULL,	NULL,	'filter_not_checked',	167,	168),
(73,	65,	NULL,	NULL,	'add',	169,	170),
(74,	65,	NULL,	NULL,	'edit',	171,	172),
(75,	65,	NULL,	NULL,	'index',	173,	174),
(76,	65,	NULL,	NULL,	'view',	175,	176),
(77,	65,	NULL,	NULL,	'delete',	177,	178),
(78,	1,	NULL,	NULL,	'BusinessSessionStates',	190,	211),
(79,	78,	NULL,	NULL,	'user_index',	191,	192),
(80,	78,	NULL,	NULL,	'user_add',	193,	194),
(81,	78,	NULL,	NULL,	'user_edit',	195,	196),
(82,	78,	NULL,	NULL,	'user_delete',	197,	198),
(83,	78,	NULL,	NULL,	'add',	199,	200),
(84,	78,	NULL,	NULL,	'edit',	201,	202),
(85,	78,	NULL,	NULL,	'index',	203,	204),
(86,	78,	NULL,	NULL,	'view',	205,	206),
(87,	78,	NULL,	NULL,	'delete',	207,	208),
(88,	1,	NULL,	NULL,	'BusinessSessionTypes',	212,	233),
(89,	88,	NULL,	NULL,	'user_index',	213,	214),
(90,	88,	NULL,	NULL,	'user_add',	215,	216),
(91,	88,	NULL,	NULL,	'user_edit',	217,	218),
(92,	88,	NULL,	NULL,	'user_delete',	219,	220),
(93,	88,	NULL,	NULL,	'add',	221,	222),
(94,	88,	NULL,	NULL,	'edit',	223,	224),
(95,	88,	NULL,	NULL,	'index',	225,	226),
(96,	88,	NULL,	NULL,	'view',	227,	228),
(97,	88,	NULL,	NULL,	'delete',	229,	230),
(98,	1,	NULL,	NULL,	'ContactPeople',	234,	257),
(99,	98,	NULL,	NULL,	'user_index',	235,	236),
(100,	98,	NULL,	NULL,	'user_view',	237,	238),
(101,	98,	NULL,	NULL,	'user_add',	239,	240),
(102,	98,	NULL,	NULL,	'user_edit',	241,	242),
(103,	98,	NULL,	NULL,	'user_delete',	243,	244),
(104,	98,	NULL,	NULL,	'add',	245,	246),
(105,	98,	NULL,	NULL,	'edit',	247,	248),
(106,	98,	NULL,	NULL,	'index',	249,	250),
(107,	98,	NULL,	NULL,	'view',	251,	252),
(108,	98,	NULL,	NULL,	'delete',	253,	254),
(109,	1,	NULL,	NULL,	'Costs',	258,	279),
(110,	109,	NULL,	NULL,	'user_view',	259,	260),
(111,	109,	NULL,	NULL,	'user_add',	261,	262),
(112,	109,	NULL,	NULL,	'user_edit',	263,	264),
(113,	109,	NULL,	NULL,	'user_delete',	265,	266),
(114,	109,	NULL,	NULL,	'add',	267,	268),
(115,	109,	NULL,	NULL,	'edit',	269,	270),
(116,	109,	NULL,	NULL,	'index',	271,	272),
(117,	109,	NULL,	NULL,	'view',	273,	274),
(118,	109,	NULL,	NULL,	'delete',	275,	276),
(119,	1,	NULL,	NULL,	'Documents',	280,	301),
(120,	119,	NULL,	NULL,	'user_add',	281,	282),
(121,	119,	NULL,	NULL,	'user_rename',	283,	284),
(122,	119,	NULL,	NULL,	'user_delete',	285,	286),
(123,	119,	NULL,	NULL,	'add',	287,	288),
(124,	119,	NULL,	NULL,	'edit',	289,	290),
(125,	119,	NULL,	NULL,	'index',	291,	292),
(126,	119,	NULL,	NULL,	'view',	293,	294),
(127,	119,	NULL,	NULL,	'delete',	295,	296),
(128,	1,	NULL,	NULL,	'Impositions',	302,	337),
(129,	128,	NULL,	NULL,	'user_index',	303,	304),
(130,	128,	NULL,	NULL,	'user_view',	305,	306),
(131,	128,	NULL,	NULL,	'user_add',	307,	308),
(132,	128,	NULL,	NULL,	'user_edit',	309,	310),
(133,	128,	NULL,	NULL,	'user_storno',	311,	312),
(134,	128,	NULL,	NULL,	'add',	313,	314),
(135,	128,	NULL,	NULL,	'edit',	315,	316),
(136,	128,	NULL,	NULL,	'index',	317,	318),
(137,	128,	NULL,	NULL,	'view',	319,	320),
(138,	128,	NULL,	NULL,	'delete',	321,	322),
(139,	1,	NULL,	NULL,	'ImpositionStates',	338,	359),
(140,	139,	NULL,	NULL,	'user_index',	339,	340),
(141,	139,	NULL,	NULL,	'user_add',	341,	342),
(142,	139,	NULL,	NULL,	'user_edit',	343,	344),
(143,	139,	NULL,	NULL,	'user_delete',	345,	346),
(144,	139,	NULL,	NULL,	'add',	347,	348),
(145,	139,	NULL,	NULL,	'edit',	349,	350),
(146,	139,	NULL,	NULL,	'index',	351,	352),
(147,	139,	NULL,	NULL,	'view',	353,	354),
(148,	139,	NULL,	NULL,	'delete',	355,	356),
(149,	1,	NULL,	NULL,	'Offers',	360,	381),
(150,	149,	NULL,	NULL,	'user_view',	361,	362),
(151,	149,	NULL,	NULL,	'user_add',	363,	364),
(152,	149,	NULL,	NULL,	'user_edit',	365,	366),
(153,	149,	NULL,	NULL,	'user_delete',	367,	368),
(154,	149,	NULL,	NULL,	'add',	369,	370),
(155,	149,	NULL,	NULL,	'edit',	371,	372),
(156,	149,	NULL,	NULL,	'index',	373,	374),
(157,	149,	NULL,	NULL,	'view',	375,	376),
(158,	149,	NULL,	NULL,	'delete',	377,	378),
(159,	1,	NULL,	NULL,	'Users',	382,	419),
(160,	159,	NULL,	NULL,	'user_login',	383,	384),
(161,	159,	NULL,	NULL,	'user_index',	385,	386),
(162,	159,	NULL,	NULL,	'user_setting',	387,	388),
(163,	159,	NULL,	NULL,	'user_logout',	389,	390),
(164,	159,	NULL,	NULL,	'user_add',	391,	392),
(165,	159,	NULL,	NULL,	'user_edit',	393,	394),
(166,	159,	NULL,	NULL,	'user_delete',	395,	396),
(167,	159,	NULL,	NULL,	'user_initAcl',	397,	398),
(168,	159,	NULL,	NULL,	'add',	399,	400),
(169,	159,	NULL,	NULL,	'edit',	401,	402),
(170,	159,	NULL,	NULL,	'index',	403,	404),
(171,	159,	NULL,	NULL,	'view',	405,	406),
(172,	159,	NULL,	NULL,	'delete',	407,	408),
(173,	1,	NULL,	NULL,	'UserRegions',	420,	441),
(174,	173,	NULL,	NULL,	'user_index',	421,	422),
(175,	173,	NULL,	NULL,	'user_add',	423,	424),
(176,	173,	NULL,	NULL,	'user_edit',	425,	426),
(177,	173,	NULL,	NULL,	'user_delete',	427,	428),
(178,	173,	NULL,	NULL,	'add',	429,	430),
(179,	173,	NULL,	NULL,	'edit',	431,	432),
(180,	173,	NULL,	NULL,	'index',	433,	434),
(181,	173,	NULL,	NULL,	'view',	435,	436),
(182,	173,	NULL,	NULL,	'delete',	437,	438),
(183,	1,	NULL,	NULL,	'UserTypes',	442,	455),
(184,	183,	NULL,	NULL,	'add',	443,	444),
(185,	183,	NULL,	NULL,	'edit',	445,	446),
(186,	183,	NULL,	NULL,	'index',	447,	448),
(187,	183,	NULL,	NULL,	'view',	449,	450),
(188,	183,	NULL,	NULL,	'delete',	451,	452),
(189,	65,	'',	NULL,	'user_edit',	179,	180),
(190,	159,	NULL,	NULL,	'user_regenerate_password',	409,	410),
(191,	159,	NULL,	NULL,	'user_generate_password',	411,	412),
(192,	159,	NULL,	NULL,	'user_confirm',	413,	414),
(193,	54,	NULL,	NULL,	'user_search',	141,	142),
(194,	65,	NULL,	NULL,	'user_seach',	181,	182),
(195,	65,	NULL,	NULL,	'user_search',	183,	184),
(196,	54,	NULL,	NULL,	'user_xls_export',	143,	144),
(197,	65,	NULL,	NULL,	'user_xls_export',	185,	186),
(198,	9,	NULL,	NULL,	'user_xls_export',	37,	38),
(199,	128,	NULL,	NULL,	'user_xls_export',	323,	324),
(200,	98,	NULL,	NULL,	'user_xls_export',	255,	256),
(201,	1,	NULL,	NULL,	'BusinessSessionsContactPeople',	456,	469),
(202,	201,	NULL,	NULL,	'user_xls_export',	457,	458),
(203,	201,	NULL,	NULL,	'add',	459,	460),
(204,	201,	NULL,	NULL,	'edit',	461,	462),
(205,	201,	NULL,	NULL,	'index',	463,	464),
(206,	201,	NULL,	NULL,	'view',	465,	466),
(207,	201,	NULL,	NULL,	'delete',	467,	468),
(208,	109,	NULL,	NULL,	'user_xls_export',	277,	278),
(209,	2,	NULL,	NULL,	'user_xls_export',	15,	16),
(210,	173,	NULL,	NULL,	'user_xls_export',	439,	440),
(211,	44,	NULL,	NULL,	'user_xls_export',	117,	118),
(212,	149,	NULL,	NULL,	'user_xls_export',	379,	380),
(213,	183,	NULL,	NULL,	'user_xls_export',	453,	454),
(214,	88,	NULL,	NULL,	'user_xls_export',	231,	232),
(215,	38,	NULL,	NULL,	'user_xls_export',	95,	96),
(216,	18,	NULL,	NULL,	'user_xls_export',	59,	60),
(217,	139,	NULL,	NULL,	'user_xls_export',	357,	358),
(218,	119,	NULL,	NULL,	'user_xls_export',	297,	298),
(219,	28,	NULL,	NULL,	'user_xls_export',	81,	82),
(220,	159,	NULL,	NULL,	'user_xls_export',	415,	416),
(221,	78,	NULL,	NULL,	'user_xls_export',	209,	210),
(222,	54,	NULL,	NULL,	'user_edit_user',	145,	146),
(223,	1,	NULL,	NULL,	'ImpositionsUsers',	470,	483),
(224,	223,	NULL,	NULL,	'user_xls_export',	471,	472),
(225,	223,	NULL,	NULL,	'add',	473,	474),
(226,	223,	NULL,	NULL,	'edit',	475,	476),
(227,	223,	NULL,	NULL,	'index',	477,	478),
(228,	223,	NULL,	NULL,	'view',	479,	480),
(229,	223,	NULL,	NULL,	'delete',	481,	482),
(230,	128,	NULL,	NULL,	'assigned_impositions',	325,	326),
(231,	1,	NULL,	NULL,	'MailTemplates',	484,	505),
(232,	231,	NULL,	NULL,	'user_index',	485,	486),
(233,	231,	NULL,	NULL,	'user_add',	487,	488),
(234,	231,	NULL,	NULL,	'user_edit',	489,	490),
(235,	231,	NULL,	NULL,	'user_del',	491,	492),
(236,	231,	NULL,	NULL,	'user_xls_export',	493,	494),
(237,	231,	NULL,	NULL,	'add',	495,	496),
(238,	231,	NULL,	NULL,	'edit',	497,	498),
(239,	231,	NULL,	NULL,	'index',	499,	500),
(240,	231,	NULL,	NULL,	'view',	501,	502),
(241,	231,	NULL,	NULL,	'delete',	503,	504),
(242,	128,	NULL,	NULL,	'user_ending',	327,	328),
(243,	1,	NULL,	NULL,	'SolutionStates',	506,	527),
(244,	243,	NULL,	NULL,	'user_index',	507,	508),
(245,	243,	NULL,	NULL,	'user_add',	509,	510),
(246,	243,	NULL,	NULL,	'user_edit',	511,	512),
(247,	243,	NULL,	NULL,	'user_delete',	513,	514),
(248,	243,	NULL,	NULL,	'user_xls_export',	515,	516),
(249,	243,	NULL,	NULL,	'add',	517,	518),
(250,	243,	NULL,	NULL,	'edit',	519,	520),
(251,	243,	NULL,	NULL,	'index',	521,	522),
(252,	243,	NULL,	NULL,	'view',	523,	524),
(253,	243,	NULL,	NULL,	'delete',	525,	526),
(254,	1,	NULL,	NULL,	'Solutions',	528,	549),
(255,	254,	NULL,	NULL,	'user_xls_export',	529,	530),
(256,	254,	NULL,	NULL,	'add',	531,	532),
(257,	254,	NULL,	NULL,	'edit',	533,	534),
(258,	254,	NULL,	NULL,	'index',	535,	536),
(259,	254,	NULL,	NULL,	'view',	537,	538),
(260,	254,	NULL,	NULL,	'delete',	539,	540),
(261,	254,	NULL,	NULL,	'user_solve',	541,	542),
(262,	254,	NULL,	NULL,	'user_delete',	543,	544),
(263,	254,	NULL,	NULL,	'user_edit',	545,	546),
(264,	1,	NULL,	NULL,	'ImpositionPeriods',	550,	571),
(265,	264,	NULL,	NULL,	'user_index',	551,	552),
(266,	264,	NULL,	NULL,	'user_add',	553,	554),
(267,	264,	NULL,	NULL,	'user_edit',	555,	556),
(268,	264,	NULL,	NULL,	'user_delete',	557,	558),
(269,	264,	NULL,	NULL,	'user_xls_export',	559,	560),
(270,	264,	NULL,	NULL,	'add',	561,	562),
(271,	264,	NULL,	NULL,	'edit',	563,	564),
(272,	264,	NULL,	NULL,	'index',	565,	566),
(273,	264,	NULL,	NULL,	'view',	567,	568),
(274,	264,	NULL,	NULL,	'delete',	569,	570),
(275,	128,	NULL,	NULL,	'user_delete',	329,	330),
(276,	54,	NULL,	NULL,	'user_ares_search',	147,	148),
(277,	128,	NULL,	NULL,	'generate',	331,	332),
(278,	128,	NULL,	NULL,	'notify',	333,	334),
(279,	128,	NULL,	NULL,	'user_notify',	335,	336),
(280,	119,	NULL,	NULL,	'user_add_from_web',	299,	300),
(281,	65,	NULL,	NULL,	'user_delete',	187,	188),
(282,	254,	NULL,	NULL,	'repair',	547,	548),
(283,	1,	NULL,	NULL,	'Products',	572,	595),
(284,	283,	NULL,	NULL,	'user_index',	573,	574),
(285,	283,	NULL,	NULL,	'user_xls_export',	575,	576),
(286,	283,	NULL,	NULL,	'add',	577,	578),
(287,	283,	NULL,	NULL,	'edit',	579,	580),
(288,	283,	NULL,	NULL,	'index',	581,	582),
(289,	283,	NULL,	NULL,	'view',	583,	584),
(290,	283,	NULL,	NULL,	'delete',	585,	586),
(291,	1,	NULL,	NULL,	'ProductsTransactions',	596,	611),
(292,	291,	NULL,	NULL,	'user_xls_export',	597,	598),
(293,	291,	NULL,	NULL,	'add',	599,	600),
(294,	291,	NULL,	NULL,	'edit',	601,	602),
(295,	291,	NULL,	NULL,	'index',	603,	604),
(296,	291,	NULL,	NULL,	'view',	605,	606),
(297,	291,	NULL,	NULL,	'delete',	607,	608),
(298,	1,	NULL,	NULL,	'StoreItems',	612,	629),
(299,	298,	NULL,	NULL,	'user_xls_export',	613,	614),
(300,	298,	NULL,	NULL,	'add',	615,	616),
(301,	298,	NULL,	NULL,	'edit',	617,	618),
(302,	298,	NULL,	NULL,	'index',	619,	620),
(303,	298,	NULL,	NULL,	'view',	621,	622),
(304,	298,	NULL,	NULL,	'delete',	623,	624),
(305,	1,	NULL,	NULL,	'Transactions',	630,	649),
(306,	305,	NULL,	NULL,	'user_xls_export',	631,	632),
(307,	305,	NULL,	NULL,	'add',	633,	634),
(308,	305,	NULL,	NULL,	'edit',	635,	636),
(309,	305,	NULL,	NULL,	'index',	637,	638),
(310,	305,	NULL,	NULL,	'view',	639,	640),
(311,	305,	NULL,	NULL,	'delete',	641,	642),
(312,	1,	NULL,	NULL,	'TransactionTypes',	650,	671),
(313,	312,	NULL,	NULL,	'user_xls_export',	651,	652),
(314,	312,	NULL,	NULL,	'add',	653,	654),
(315,	312,	NULL,	NULL,	'edit',	655,	656),
(316,	312,	NULL,	NULL,	'index',	657,	658),
(317,	312,	NULL,	NULL,	'view',	659,	660),
(318,	312,	NULL,	NULL,	'delete',	661,	662),
(319,	1,	NULL,	NULL,	'Units',	672,	693),
(320,	319,	NULL,	NULL,	'user_xls_export',	673,	674),
(321,	319,	NULL,	NULL,	'add',	675,	676),
(322,	319,	NULL,	NULL,	'edit',	677,	678),
(323,	319,	NULL,	NULL,	'index',	679,	680),
(324,	319,	NULL,	NULL,	'view',	681,	682),
(325,	319,	NULL,	NULL,	'delete',	683,	684),
(326,	283,	NULL,	NULL,	'user_add',	587,	588),
(327,	283,	NULL,	NULL,	'user_edit',	589,	590),
(328,	283,	NULL,	NULL,	'user_delete',	591,	592),
(329,	319,	NULL,	NULL,	'user_index',	685,	686),
(330,	319,	NULL,	NULL,	'user_add',	687,	688),
(331,	319,	NULL,	NULL,	'user_edit',	689,	690),
(332,	319,	NULL,	NULL,	'user_delete',	691,	692),
(333,	312,	NULL,	NULL,	'user_index',	663,	664),
(334,	312,	NULL,	NULL,	'user_add',	665,	666),
(335,	312,	NULL,	NULL,	'user_edit',	667,	668),
(336,	312,	NULL,	NULL,	'user_delete',	669,	670),
(337,	1,	NULL,	NULL,	'DeliveryNotes',	694,	721),
(338,	337,	NULL,	NULL,	'admin_index',	695,	696),
(339,	337,	NULL,	NULL,	'user_add',	697,	698),
(340,	337,	NULL,	NULL,	'user_xls_export',	699,	700),
(341,	337,	NULL,	NULL,	'add',	701,	702),
(342,	337,	NULL,	NULL,	'edit',	703,	704),
(343,	337,	NULL,	NULL,	'index',	705,	706),
(344,	337,	NULL,	NULL,	'view',	707,	708),
(345,	337,	NULL,	NULL,	'delete',	709,	710),
(346,	337,	NULL,	NULL,	'user_index',	711,	712),
(347,	54,	NULL,	NULL,	'user_autocomplete_list',	149,	150),
(348,	283,	NULL,	NULL,	'user_autocomplete_list',	593,	594),
(349,	337,	NULL,	NULL,	'user_edit',	713,	714),
(350,	337,	NULL,	NULL,	'user_delete',	715,	716),
(351,	305,	NULL,	NULL,	'user_index',	643,	644),
(352,	1,	NULL,	NULL,	'Sales',	722,	743),
(353,	352,	NULL,	NULL,	'user_index',	723,	724),
(354,	352,	NULL,	NULL,	'user_xls_export',	725,	726),
(355,	352,	NULL,	NULL,	'add',	727,	728),
(356,	352,	NULL,	NULL,	'edit',	729,	730),
(357,	352,	NULL,	NULL,	'index',	731,	732),
(358,	352,	NULL,	NULL,	'view',	733,	734),
(359,	352,	NULL,	NULL,	'delete',	735,	736),
(360,	337,	NULL,	NULL,	'user_view_pdf',	717,	718),
(361,	352,	NULL,	NULL,	'user_add',	737,	738),
(362,	352,	NULL,	NULL,	'user_edit',	739,	740),
(363,	352,	NULL,	NULL,	'user_delete',	741,	742),
(364,	305,	NULL,	NULL,	'user_edit',	645,	646),
(365,	305,	NULL,	NULL,	'user_delete',	647,	648),
(366,	298,	NULL,	NULL,	'user_index',	625,	626),
(367,	291,	NULL,	NULL,	'user_delete',	609,	610),
(368,	337,	NULL,	NULL,	'view_pdf',	719,	720),
(369,	1,	NULL,	NULL,	'BusinessPartnerNotes',	744,	763),
(370,	369,	NULL,	NULL,	'user_add',	745,	746),
(371,	369,	NULL,	NULL,	'user_edit',	747,	748),
(372,	369,	NULL,	NULL,	'user_delete',	749,	750),
(373,	369,	NULL,	NULL,	'user_xls_export',	751,	752),
(374,	369,	NULL,	NULL,	'add',	753,	754),
(375,	369,	NULL,	NULL,	'edit',	755,	756),
(376,	369,	NULL,	NULL,	'index',	757,	758),
(377,	369,	NULL,	NULL,	'view',	759,	760),
(378,	369,	NULL,	NULL,	'delete',	761,	762),
(379,	298,	NULL,	NULL,	'user_pdf_export',	627,	628),
(380,	1,	NULL,	NULL,	'CSProducts',	764,	787),
(381,	380,	NULL,	NULL,	'user_index',	765,	766),
(382,	380,	NULL,	NULL,	'user_add',	767,	768),
(383,	380,	NULL,	NULL,	'user_edit',	769,	770),
(384,	380,	NULL,	NULL,	'user_delete',	771,	772),
(385,	380,	NULL,	NULL,	'user_autocomplete_list',	773,	774),
(386,	380,	NULL,	NULL,	'user_xls_export',	775,	776),
(387,	380,	NULL,	NULL,	'add',	777,	778),
(388,	380,	NULL,	NULL,	'edit',	779,	780),
(389,	380,	NULL,	NULL,	'index',	781,	782),
(390,	380,	NULL,	NULL,	'view',	783,	784),
(391,	380,	NULL,	NULL,	'delete',	785,	786),
(392,	1,	NULL,	NULL,	'CSStorings',	788,	809),
(393,	392,	NULL,	NULL,	'user_index',	789,	790),
(394,	392,	NULL,	NULL,	'user_add',	791,	792),
(395,	392,	NULL,	NULL,	'user_edit',	793,	794),
(396,	392,	NULL,	NULL,	'user_delete',	795,	796),
(397,	392,	NULL,	NULL,	'user_xls_export',	797,	798),
(398,	392,	NULL,	NULL,	'add',	799,	800),
(399,	392,	NULL,	NULL,	'edit',	801,	802),
(400,	392,	NULL,	NULL,	'index',	803,	804),
(401,	392,	NULL,	NULL,	'view',	805,	806),
(402,	392,	NULL,	NULL,	'delete',	807,	808),
(403,	1,	NULL,	NULL,	'CSTransactionItems',	810,	825),
(404,	403,	NULL,	NULL,	'user_delete',	811,	812),
(405,	403,	NULL,	NULL,	'user_xls_export',	813,	814),
(406,	403,	NULL,	NULL,	'add',	815,	816),
(407,	403,	NULL,	NULL,	'edit',	817,	818),
(408,	403,	NULL,	NULL,	'index',	819,	820),
(409,	403,	NULL,	NULL,	'view',	821,	822),
(410,	403,	NULL,	NULL,	'delete',	823,	824),
(411,	1,	NULL,	NULL,	'CSInvoices',	826,	851),
(412,	411,	NULL,	NULL,	'user_index',	827,	828),
(413,	411,	NULL,	NULL,	'user_add',	829,	830),
(414,	411,	NULL,	NULL,	'user_edit',	831,	832),
(415,	411,	NULL,	NULL,	'user_delete',	833,	834),
(416,	411,	NULL,	NULL,	'user_xls_export',	835,	836),
(417,	411,	NULL,	NULL,	'add',	837,	838),
(418,	411,	NULL,	NULL,	'edit',	839,	840),
(419,	411,	NULL,	NULL,	'index',	841,	842),
(420,	411,	NULL,	NULL,	'view',	843,	844),
(421,	411,	NULL,	NULL,	'delete',	845,	846),
(422,	411,	NULL,	NULL,	'view_pdf',	847,	848),
(423,	1,	NULL,	NULL,	'CSCreditNotes',	852,	875),
(424,	423,	NULL,	NULL,	'user_index',	853,	854),
(425,	423,	NULL,	NULL,	'user_add',	855,	856),
(426,	423,	NULL,	NULL,	'user_edit',	857,	858),
(427,	423,	NULL,	NULL,	'user_delete',	859,	860),
(428,	423,	NULL,	NULL,	'view_pdf',	861,	862),
(429,	423,	NULL,	NULL,	'user_xls_export',	863,	864),
(430,	423,	NULL,	NULL,	'add',	865,	866),
(431,	423,	NULL,	NULL,	'edit',	867,	868),
(432,	423,	NULL,	NULL,	'index',	869,	870),
(433,	423,	NULL,	NULL,	'view',	871,	872),
(434,	423,	NULL,	NULL,	'delete',	873,	874),
(435,	1,	NULL,	NULL,	'TaxClasses',	876,	907),
(436,	435,	NULL,	NULL,	'user_xls_export',	877,	878),
(437,	435,	NULL,	NULL,	'add',	879,	880),
(438,	435,	NULL,	NULL,	'edit',	881,	882),
(439,	435,	NULL,	NULL,	'index',	883,	884),
(440,	435,	NULL,	NULL,	'view',	885,	886),
(441,	435,	NULL,	NULL,	'delete',	887,	888),
(442,	435,	NULL,	NULL,	'user_index',	889,	890),
(443,	435,	NULL,	NULL,	'user_add',	891,	892),
(444,	435,	NULL,	NULL,	'user_edit',	893,	894),
(445,	435,	NULL,	NULL,	'user_delete',	895,	896),
(446,	435,	NULL,	NULL,	'admin_add',	897,	898),
(447,	435,	NULL,	NULL,	'admin_edit',	899,	900),
(448,	435,	NULL,	NULL,	'admin_index',	901,	902),
(449,	435,	NULL,	NULL,	'admin_view',	903,	904),
(450,	435,	NULL,	NULL,	'admin_delete',	905,	906),
(451,	1,	NULL,	NULL,	'CSTransactions',	908,	923),
(452,	451,	NULL,	NULL,	'user_index',	909,	910),
(453,	451,	NULL,	NULL,	'user_xls_export',	911,	912),
(454,	451,	NULL,	NULL,	'add',	913,	914),
(455,	451,	NULL,	NULL,	'edit',	915,	916),
(456,	451,	NULL,	NULL,	'index',	917,	918),
(457,	451,	NULL,	NULL,	'view',	919,	920),
(458,	451,	NULL,	NULL,	'delete',	921,	922),
(459,	1,	NULL,	NULL,	'ProductVariants',	924,	955),
(460,	459,	NULL,	NULL,	'user_autocomplete_list',	925,	926),
(461,	459,	NULL,	NULL,	'user_xls_export',	927,	928),
(462,	459,	NULL,	NULL,	'add',	929,	930),
(463,	459,	NULL,	NULL,	'edit',	931,	932),
(464,	459,	NULL,	NULL,	'index',	933,	934),
(465,	459,	NULL,	NULL,	'view',	935,	936),
(466,	459,	NULL,	NULL,	'delete',	937,	938),
(467,	459,	NULL,	NULL,	'user_index',	939,	940),
(468,	459,	NULL,	NULL,	'user_add',	941,	942),
(469,	459,	NULL,	NULL,	'user_edit',	943,	944),
(470,	459,	NULL,	NULL,	'user_delete',	945,	946),
(471,	459,	NULL,	NULL,	'init',	947,	948),
(472,	459,	NULL,	NULL,	'user_ajax_add',	949,	950),
(473,	54,	NULL,	NULL,	'user_ajax_find_by_id',	151,	152),
(474,	411,	NULL,	NULL,	'view_pdf_delivery_note',	849,	850),
(475,	1,	NULL,	NULL,	'WalletTransactions',	956,	977),
(476,	475,	NULL,	NULL,	'user_index',	957,	958),
(477,	475,	NULL,	NULL,	'user_add',	959,	960),
(478,	475,	NULL,	NULL,	'user_xls_export',	961,	962),
(479,	475,	NULL,	NULL,	'add',	963,	964),
(480,	475,	NULL,	NULL,	'edit',	965,	966),
(481,	475,	NULL,	NULL,	'index',	967,	968),
(482,	475,	NULL,	NULL,	'view',	969,	970),
(483,	475,	NULL,	NULL,	'delete',	971,	972),
(484,	1,	NULL,	NULL,	'Reps',	978,	1003),
(485,	484,	NULL,	NULL,	'user_index',	979,	980),
(486,	484,	NULL,	NULL,	'user_view',	981,	982),
(487,	484,	NULL,	NULL,	'user_add',	983,	984),
(488,	484,	NULL,	NULL,	'user_edit',	985,	986),
(489,	484,	NULL,	NULL,	'user_delete',	987,	988),
(490,	484,	NULL,	NULL,	'user_xls_export',	989,	990),
(491,	484,	NULL,	NULL,	'add',	991,	992),
(492,	484,	NULL,	NULL,	'edit',	993,	994),
(493,	484,	NULL,	NULL,	'index',	995,	996),
(494,	484,	NULL,	NULL,	'view',	997,	998),
(495,	484,	NULL,	NULL,	'delete',	999,	1000),
(496,	484,	NULL,	NULL,	'user_autocomplete_list',	1001,	1002),
(497,	475,	NULL,	NULL,	'user_cash_receipt',	973,	974),
(498,	1,	NULL,	NULL,	'BPRepTransactionItems',	1004,	1019),
(499,	498,	NULL,	NULL,	'user_xls_export',	1005,	1006),
(500,	498,	NULL,	NULL,	'add',	1007,	1008),
(501,	498,	NULL,	NULL,	'edit',	1009,	1010),
(502,	498,	NULL,	NULL,	'index',	1011,	1012),
(503,	498,	NULL,	NULL,	'view',	1013,	1014),
(504,	498,	NULL,	NULL,	'delete',	1015,	1016),
(505,	1,	NULL,	NULL,	'BPRepSales',	1020,	1051),
(506,	505,	NULL,	NULL,	'user_index',	1021,	1022),
(507,	505,	NULL,	NULL,	'user_add',	1023,	1024),
(508,	505,	NULL,	NULL,	'user_view_pdf',	1025,	1026),
(509,	505,	NULL,	NULL,	'user_xls_export',	1027,	1028),
(510,	505,	NULL,	NULL,	'add',	1029,	1030),
(511,	505,	NULL,	NULL,	'edit',	1031,	1032),
(512,	505,	NULL,	NULL,	'index',	1033,	1034),
(513,	505,	NULL,	NULL,	'view',	1035,	1036),
(514,	505,	NULL,	NULL,	'delete',	1037,	1038),
(515,	1,	NULL,	NULL,	'BPRepPurchases',	1052,	1077),
(516,	515,	NULL,	NULL,	'user_index',	1053,	1054),
(517,	515,	NULL,	NULL,	'user_add',	1055,	1056),
(518,	515,	NULL,	NULL,	'user_view_pdf',	1057,	1058),
(519,	515,	NULL,	NULL,	'user_xls_export',	1059,	1060),
(520,	515,	NULL,	NULL,	'add',	1061,	1062),
(521,	515,	NULL,	NULL,	'edit',	1063,	1064),
(522,	515,	NULL,	NULL,	'index',	1065,	1066),
(523,	515,	NULL,	NULL,	'view',	1067,	1068),
(524,	515,	NULL,	NULL,	'delete',	1069,	1070),
(525,	1,	NULL,	NULL,	'RepStoreItems',	1078,	1095),
(526,	525,	NULL,	NULL,	'user_index',	1079,	1080),
(527,	525,	NULL,	NULL,	'user_pdf_export',	1081,	1082),
(528,	525,	NULL,	NULL,	'user_xls_export',	1083,	1084),
(529,	525,	NULL,	NULL,	'add',	1085,	1086),
(530,	525,	NULL,	NULL,	'edit',	1087,	1088),
(531,	525,	NULL,	NULL,	'index',	1089,	1090),
(532,	525,	NULL,	NULL,	'view',	1091,	1092),
(533,	525,	NULL,	NULL,	'delete',	1093,	1094),
(534,	505,	NULL,	NULL,	'user_edit',	1039,	1040),
(535,	505,	NULL,	NULL,	'user_delete',	1041,	1042),
(536,	515,	NULL,	NULL,	'user_edit',	1071,	1072),
(537,	515,	NULL,	NULL,	'user_delete',	1073,	1074),
(538,	498,	NULL,	NULL,	'user_delete',	1017,	1018),
(539,	1,	NULL,	NULL,	'MCRepPurchases',	1096,	1121),
(540,	539,	NULL,	NULL,	'user_index',	1097,	1098),
(541,	539,	NULL,	NULL,	'user_add',	1099,	1100),
(542,	539,	NULL,	NULL,	'user_xls_export',	1101,	1102),
(543,	539,	NULL,	NULL,	'add',	1103,	1104),
(544,	539,	NULL,	NULL,	'edit',	1105,	1106),
(545,	539,	NULL,	NULL,	'index',	1107,	1108),
(546,	539,	NULL,	NULL,	'view',	1109,	1110),
(547,	539,	NULL,	NULL,	'delete',	1111,	1112),
(548,	1,	NULL,	NULL,	'MCRepSales',	1122,	1151),
(549,	548,	NULL,	NULL,	'user_index',	1123,	1124),
(550,	548,	NULL,	NULL,	'user_add',	1125,	1126),
(551,	548,	NULL,	NULL,	'user_xls_export',	1127,	1128),
(552,	548,	NULL,	NULL,	'add',	1129,	1130),
(553,	548,	NULL,	NULL,	'edit',	1131,	1132),
(554,	548,	NULL,	NULL,	'index',	1133,	1134),
(555,	548,	NULL,	NULL,	'view',	1135,	1136),
(556,	548,	NULL,	NULL,	'delete',	1137,	1138),
(557,	539,	NULL,	NULL,	'user_edit',	1113,	1114),
(558,	539,	NULL,	NULL,	'user_delete',	1115,	1116),
(559,	548,	NULL,	NULL,	'user_edit',	1139,	1140),
(560,	548,	NULL,	NULL,	'user_delete',	1141,	1142),
(561,	539,	NULL,	NULL,	'user_confirm',	1117,	1118),
(562,	548,	NULL,	NULL,	'user_confirm',	1143,	1144),
(563,	1,	NULL,	NULL,	'MCRepTransactionItems',	1152,	1167),
(564,	563,	NULL,	NULL,	'user_delete',	1153,	1154),
(565,	563,	NULL,	NULL,	'user_xls_export',	1155,	1156),
(566,	563,	NULL,	NULL,	'add',	1157,	1158),
(567,	563,	NULL,	NULL,	'edit',	1159,	1160),
(568,	563,	NULL,	NULL,	'index',	1161,	1162),
(569,	563,	NULL,	NULL,	'view',	1163,	1164),
(570,	563,	NULL,	NULL,	'delete',	1165,	1166),
(571,	548,	NULL,	NULL,	'user_test',	1145,	1146),
(572,	1,	NULL,	NULL,	'CSMCSales',	1168,	1195),
(573,	572,	NULL,	NULL,	'user_index',	1169,	1170),
(574,	572,	NULL,	NULL,	'user_add',	1171,	1172),
(575,	572,	NULL,	NULL,	'user_edit',	1173,	1174),
(576,	572,	NULL,	NULL,	'user_delete',	1175,	1176),
(577,	572,	NULL,	NULL,	'user_xls_export',	1177,	1178),
(578,	572,	NULL,	NULL,	'add',	1179,	1180),
(579,	572,	NULL,	NULL,	'edit',	1181,	1182),
(580,	572,	NULL,	NULL,	'index',	1183,	1184),
(581,	572,	NULL,	NULL,	'view',	1185,	1186),
(582,	572,	NULL,	NULL,	'delete',	1187,	1188),
(583,	1,	NULL,	NULL,	'CSMCPurchases',	1196,	1223),
(584,	583,	NULL,	NULL,	'user_index',	1197,	1198),
(585,	583,	NULL,	NULL,	'user_add',	1199,	1200),
(586,	583,	NULL,	NULL,	'user_edit',	1201,	1202),
(587,	583,	NULL,	NULL,	'user_delete',	1203,	1204),
(588,	583,	NULL,	NULL,	'user_xls_export',	1205,	1206),
(589,	583,	NULL,	NULL,	'add',	1207,	1208),
(590,	583,	NULL,	NULL,	'edit',	1209,	1210),
(591,	583,	NULL,	NULL,	'index',	1211,	1212),
(592,	583,	NULL,	NULL,	'view',	1213,	1214),
(593,	583,	NULL,	NULL,	'delete',	1215,	1216),
(594,	1,	NULL,	NULL,	'CSMCTransactionItems',	1224,	1239),
(595,	594,	NULL,	NULL,	'user_delete',	1225,	1226),
(596,	594,	NULL,	NULL,	'user_xls_export',	1227,	1228),
(597,	594,	NULL,	NULL,	'add',	1229,	1230),
(598,	594,	NULL,	NULL,	'edit',	1231,	1232),
(599,	594,	NULL,	NULL,	'index',	1233,	1234),
(600,	594,	NULL,	NULL,	'view',	1235,	1236),
(601,	594,	NULL,	NULL,	'delete',	1237,	1238),
(602,	459,	NULL,	NULL,	'user_m_c_index',	951,	952),
(603,	572,	NULL,	NULL,	'user_view_pdf',	1189,	1190),
(604,	583,	NULL,	NULL,	'user_view_pdf',	1217,	1218),
(605,	515,	NULL,	NULL,	'user_confirm',	1075,	1076),
(606,	1,	NULL,	NULL,	'BPRepSalePayments',	1240,	1351),
(607,	606,	NULL,	NULL,	'checkUser',	1241,	1242),
(608,	606,	NULL,	NULL,	'built_date',	1243,	1244),
(609,	606,	NULL,	NULL,	'unbuilt_date',	1245,	1246),
(610,	606,	NULL,	NULL,	'xls_export',	1247,	1248),
(611,	606,	NULL,	NULL,	'call__',	1249,	1250),
(612,	606,	NULL,	NULL,	'bindModel',	1251,	1252),
(613,	606,	NULL,	NULL,	'unbindModel',	1253,	1254),
(614,	606,	NULL,	NULL,	'setSource',	1255,	1256),
(615,	606,	NULL,	NULL,	'deconstruct',	1257,	1258),
(616,	606,	NULL,	NULL,	'schema',	1259,	1260),
(617,	606,	NULL,	NULL,	'getColumnTypes',	1261,	1262),
(618,	606,	NULL,	NULL,	'getColumnType',	1263,	1264),
(619,	606,	NULL,	NULL,	'hasField',	1265,	1266),
(620,	606,	NULL,	NULL,	'isVirtualField',	1267,	1268),
(621,	606,	NULL,	NULL,	'getVirtualField',	1269,	1270),
(622,	606,	NULL,	NULL,	'create',	1271,	1272),
(623,	606,	NULL,	NULL,	'read',	1273,	1274),
(624,	606,	NULL,	NULL,	'field',	1275,	1276),
(625,	606,	NULL,	NULL,	'saveField',	1277,	1278),
(626,	606,	NULL,	NULL,	'save',	1279,	1280),
(627,	606,	NULL,	NULL,	'updateCounterCache',	1281,	1282),
(628,	606,	NULL,	NULL,	'saveAll',	1283,	1284),
(629,	606,	NULL,	NULL,	'updateAll',	1285,	1286),
(630,	606,	NULL,	NULL,	'delete',	1287,	1288),
(631,	606,	NULL,	NULL,	'deleteAll',	1289,	1290),
(632,	606,	NULL,	NULL,	'exists',	1291,	1292),
(633,	606,	NULL,	NULL,	'hasAny',	1293,	1294),
(634,	606,	NULL,	NULL,	'find',	1295,	1296),
(635,	606,	NULL,	NULL,	'resetAssociations',	1297,	1298),
(636,	606,	NULL,	NULL,	'isUnique',	1299,	1300),
(637,	606,	NULL,	NULL,	'query',	1301,	1302),
(638,	606,	NULL,	NULL,	'validates',	1303,	1304),
(639,	606,	NULL,	NULL,	'invalidFields',	1305,	1306),
(640,	606,	NULL,	NULL,	'invalidate',	1307,	1308),
(641,	606,	NULL,	NULL,	'isForeignKey',	1309,	1310),
(642,	606,	NULL,	NULL,	'escapeField',	1311,	1312),
(643,	606,	NULL,	NULL,	'getID',	1313,	1314),
(644,	606,	NULL,	NULL,	'getLastInsertID',	1315,	1316),
(645,	606,	NULL,	NULL,	'getInsertID',	1317,	1318),
(646,	606,	NULL,	NULL,	'setInsertID',	1319,	1320),
(647,	606,	NULL,	NULL,	'getNumRows',	1321,	1322),
(648,	606,	NULL,	NULL,	'getAffectedRows',	1323,	1324),
(649,	606,	NULL,	NULL,	'setDataSource',	1325,	1326),
(650,	606,	NULL,	NULL,	'getDataSource',	1327,	1328),
(651,	606,	NULL,	NULL,	'getAssociated',	1329,	1330),
(652,	606,	NULL,	NULL,	'joinModel',	1331,	1332),
(653,	606,	NULL,	NULL,	'beforeFind',	1333,	1334),
(654,	606,	NULL,	NULL,	'afterFind',	1335,	1336),
(655,	606,	NULL,	NULL,	'beforeSave',	1337,	1338),
(656,	606,	NULL,	NULL,	'afterSave',	1339,	1340),
(657,	606,	NULL,	NULL,	'beforeDelete',	1341,	1342),
(658,	606,	NULL,	NULL,	'afterDelete',	1343,	1344),
(659,	606,	NULL,	NULL,	'beforeValidate',	1345,	1346),
(660,	606,	NULL,	NULL,	'onError',	1347,	1348),
(661,	606,	NULL,	NULL,	'overload',	1349,	1350),
(662,	1,	NULL,	NULL,	'BPRepTransactions',	1352,	1367),
(663,	662,	NULL,	NULL,	'user_index',	1353,	1354),
(664,	662,	NULL,	NULL,	'user_xls_export',	1355,	1356),
(665,	662,	NULL,	NULL,	'add',	1357,	1358),
(666,	662,	NULL,	NULL,	'edit',	1359,	1360),
(667,	662,	NULL,	NULL,	'index',	1361,	1362),
(668,	662,	NULL,	NULL,	'view',	1363,	1364),
(669,	662,	NULL,	NULL,	'delete',	1365,	1366),
(670,	1,	NULL,	NULL,	'RepTransactions',	1368,	1383),
(671,	670,	NULL,	NULL,	'user_index',	1369,	1370),
(672,	670,	NULL,	NULL,	'user_xls_export',	1371,	1372),
(673,	670,	NULL,	NULL,	'add',	1373,	1374),
(674,	670,	NULL,	NULL,	'edit',	1375,	1376),
(675,	670,	NULL,	NULL,	'index',	1377,	1378),
(676,	670,	NULL,	NULL,	'view',	1379,	1380),
(677,	670,	NULL,	NULL,	'delete',	1381,	1382),
(678,	459,	NULL,	NULL,	'user_meavita_index',	953,	954),
(679,	1,	NULL,	NULL,	'MCTransactions',	1384,	1399),
(680,	679,	NULL,	NULL,	'user_index',	1385,	1386),
(681,	679,	NULL,	NULL,	'user_xls_export',	1387,	1388),
(682,	679,	NULL,	NULL,	'add',	1389,	1390),
(683,	679,	NULL,	NULL,	'edit',	1391,	1392),
(684,	679,	NULL,	NULL,	'index',	1393,	1394),
(685,	679,	NULL,	NULL,	'view',	1395,	1396),
(686,	679,	NULL,	NULL,	'delete',	1397,	1398),
(687,	539,	NULL,	NULL,	'user_view_pdf',	1119,	1120),
(688,	548,	NULL,	NULL,	'user_view_pdf',	1147,	1148),
(689,	505,	NULL,	NULL,	'user_confirm',	1043,	1044),
(690,	475,	NULL,	NULL,	'user_html_receipt',	975,	976),
(691,	548,	NULL,	NULL,	'user_delivery_note',	1149,	1150),
(692,	505,	NULL,	NULL,	'user_b_p_delivery_note',	1045,	1046),
(693,	505,	NULL,	NULL,	'user_rep_delivery_note',	1047,	1048),
(694,	505,	NULL,	NULL,	'user_invoice',	1049,	1050),
(695,	572,	NULL,	NULL,	'user_invoice',	1191,	1192),
(696,	572,	NULL,	NULL,	'user_delivery_note',	1193,	1194),
(697,	583,	NULL,	NULL,	'user_invoice',	1219,	1220),
(698,	583,	NULL,	NULL,	'user_delivery_note',	1221,	1222),
(699,	1,	NULL,	NULL,	'MCInvoices',	1400,	1425),
(700,	699,	NULL,	NULL,	'user_index',	1401,	1402),
(701,	699,	NULL,	NULL,	'user_add',	1403,	1404),
(702,	699,	NULL,	NULL,	'user_edit',	1405,	1406),
(703,	699,	NULL,	NULL,	'user_delete',	1407,	1408),
(704,	699,	NULL,	NULL,	'view_pdf',	1409,	1410),
(705,	699,	NULL,	NULL,	'view_pdf_delivery_note',	1411,	1412),
(706,	699,	NULL,	NULL,	'user_xls_export',	1413,	1414),
(707,	699,	NULL,	NULL,	'add',	1415,	1416),
(708,	699,	NULL,	NULL,	'edit',	1417,	1418),
(709,	699,	NULL,	NULL,	'index',	1419,	1420),
(710,	699,	NULL,	NULL,	'view',	1421,	1422),
(711,	699,	NULL,	NULL,	'delete',	1423,	1424),
(712,	1,	NULL,	NULL,	'MCCreditNotes',	1426,	1449),
(713,	712,	NULL,	NULL,	'user_index',	1427,	1428),
(714,	712,	NULL,	NULL,	'user_add',	1429,	1430),
(715,	712,	NULL,	NULL,	'user_edit',	1431,	1432),
(716,	712,	NULL,	NULL,	'user_delete',	1433,	1434),
(717,	712,	NULL,	NULL,	'view_pdf',	1435,	1436),
(718,	712,	NULL,	NULL,	'user_xls_export',	1437,	1438),
(719,	712,	NULL,	NULL,	'add',	1439,	1440),
(720,	712,	NULL,	NULL,	'edit',	1441,	1442),
(721,	712,	NULL,	NULL,	'index',	1443,	1444),
(722,	712,	NULL,	NULL,	'view',	1445,	1446),
(723,	712,	NULL,	NULL,	'delete',	1447,	1448),
(724,	1,	NULL,	NULL,	'MCStorings',	1450,	1471),
(725,	724,	NULL,	NULL,	'user_index',	1451,	1452),
(726,	724,	NULL,	NULL,	'user_add',	1453,	1454),
(727,	724,	NULL,	NULL,	'user_edit',	1455,	1456),
(728,	724,	NULL,	NULL,	'user_delete',	1457,	1458),
(729,	724,	NULL,	NULL,	'user_xls_export',	1459,	1460),
(730,	724,	NULL,	NULL,	'add',	1461,	1462),
(731,	724,	NULL,	NULL,	'edit',	1463,	1464),
(732,	724,	NULL,	NULL,	'index',	1465,	1466),
(733,	724,	NULL,	NULL,	'view',	1467,	1468),
(734,	724,	NULL,	NULL,	'delete',	1469,	1470),
(735,	1,	NULL,	NULL,	'MCTransactionItems',	1472,	1487),
(736,	735,	NULL,	NULL,	'user_delete',	1473,	1474),
(737,	735,	NULL,	NULL,	'user_xls_export',	1475,	1476),
(738,	735,	NULL,	NULL,	'add',	1477,	1478),
(739,	735,	NULL,	NULL,	'edit',	1479,	1480),
(740,	735,	NULL,	NULL,	'index',	1481,	1482),
(741,	735,	NULL,	NULL,	'view',	1483,	1484),
(742,	735,	NULL,	NULL,	'delete',	1485,	1486),
(743,	1,	NULL,	NULL,	'CSReps',	1488,	1513),
(744,	743,	NULL,	NULL,	'user_index',	1489,	1490),
(745,	743,	NULL,	NULL,	'user_view',	1491,	1492),
(746,	743,	NULL,	NULL,	'user_add',	1493,	1494),
(747,	743,	NULL,	NULL,	'user_edit',	1495,	1496),
(748,	743,	NULL,	NULL,	'user_delete',	1497,	1498),
(749,	743,	NULL,	NULL,	'user_autocomplete_list',	1499,	1500),
(750,	743,	NULL,	NULL,	'user_xls_export',	1501,	1502),
(751,	743,	NULL,	NULL,	'add',	1503,	1504),
(752,	743,	NULL,	NULL,	'edit',	1505,	1506),
(753,	743,	NULL,	NULL,	'index',	1507,	1508),
(754,	743,	NULL,	NULL,	'view',	1509,	1510),
(755,	743,	NULL,	NULL,	'delete',	1511,	1512),
(756,	1,	NULL,	NULL,	'CSRepStoreItems',	1514,	1531),
(757,	756,	NULL,	NULL,	'user_index',	1515,	1516),
(758,	756,	NULL,	NULL,	'user_xls_export',	1517,	1518),
(759,	756,	NULL,	NULL,	'add',	1519,	1520),
(760,	756,	NULL,	NULL,	'edit',	1521,	1522),
(761,	756,	NULL,	NULL,	'index',	1523,	1524),
(762,	756,	NULL,	NULL,	'view',	1525,	1526),
(763,	756,	NULL,	NULL,	'delete',	1527,	1528),
(764,	1,	NULL,	NULL,	'BPCSRepSales',	1532,	1563),
(765,	764,	NULL,	NULL,	'user_index',	1533,	1534),
(766,	764,	NULL,	NULL,	'user_xls_export',	1535,	1536),
(767,	764,	NULL,	NULL,	'add',	1537,	1538),
(768,	764,	NULL,	NULL,	'edit',	1539,	1540),
(769,	764,	NULL,	NULL,	'index',	1541,	1542),
(770,	764,	NULL,	NULL,	'view',	1543,	1544),
(771,	764,	NULL,	NULL,	'delete',	1545,	1546),
(772,	1,	NULL,	NULL,	'CSRepPurchases',	1564,	1589),
(773,	772,	NULL,	NULL,	'user_index',	1565,	1566),
(774,	772,	NULL,	NULL,	'user_xls_export',	1567,	1568),
(775,	772,	NULL,	NULL,	'add',	1569,	1570),
(776,	772,	NULL,	NULL,	'edit',	1571,	1572),
(777,	772,	NULL,	NULL,	'index',	1573,	1574),
(778,	772,	NULL,	NULL,	'view',	1575,	1576),
(779,	772,	NULL,	NULL,	'delete',	1577,	1578),
(780,	1,	NULL,	NULL,	'CSWalletTransactions',	1590,	1611),
(781,	780,	NULL,	NULL,	'user_index',	1591,	1592),
(782,	780,	NULL,	NULL,	'user_xls_export',	1593,	1594),
(783,	780,	NULL,	NULL,	'add',	1595,	1596),
(784,	780,	NULL,	NULL,	'edit',	1597,	1598),
(785,	780,	NULL,	NULL,	'index',	1599,	1600),
(786,	780,	NULL,	NULL,	'view',	1601,	1602),
(787,	780,	NULL,	NULL,	'delete',	1603,	1604),
(788,	1,	NULL,	NULL,	'CSRepSales',	1612,	1637),
(789,	788,	NULL,	NULL,	'user_index',	1613,	1614),
(790,	788,	NULL,	NULL,	'user_xls_export',	1615,	1616),
(791,	788,	NULL,	NULL,	'add',	1617,	1618),
(792,	788,	NULL,	NULL,	'edit',	1619,	1620),
(793,	788,	NULL,	NULL,	'index',	1621,	1622),
(794,	788,	NULL,	NULL,	'view',	1623,	1624),
(795,	788,	NULL,	NULL,	'delete',	1625,	1626),
(796,	1,	NULL,	NULL,	'BPCSRepPurchases',	1638,	1659),
(797,	796,	NULL,	NULL,	'user_index',	1639,	1640),
(798,	796,	NULL,	NULL,	'user_xls_export',	1641,	1642),
(799,	796,	NULL,	NULL,	'add',	1643,	1644),
(800,	796,	NULL,	NULL,	'edit',	1645,	1646),
(801,	796,	NULL,	NULL,	'index',	1647,	1648),
(802,	796,	NULL,	NULL,	'view',	1649,	1650),
(803,	796,	NULL,	NULL,	'delete',	1651,	1652),
(804,	1,	NULL,	NULL,	'CSRepTransactions',	1660,	1675),
(805,	804,	NULL,	NULL,	'user_index',	1661,	1662),
(806,	804,	NULL,	NULL,	'user_xls_export',	1663,	1664),
(807,	804,	NULL,	NULL,	'add',	1665,	1666),
(808,	804,	NULL,	NULL,	'edit',	1667,	1668),
(809,	804,	NULL,	NULL,	'index',	1669,	1670),
(810,	804,	NULL,	NULL,	'view',	1671,	1672),
(811,	804,	NULL,	NULL,	'delete',	1673,	1674),
(812,	780,	NULL,	NULL,	'user_add',	1605,	1606),
(813,	780,	NULL,	NULL,	'user_cash_receipt',	1607,	1608),
(814,	780,	NULL,	NULL,	'user_html_receipt',	1609,	1610),
(815,	756,	NULL,	NULL,	'user_pdf_export',	1529,	1530),
(816,	796,	NULL,	NULL,	'user_add',	1653,	1654),
(817,	796,	NULL,	NULL,	'user_edit',	1655,	1656),
(818,	796,	NULL,	NULL,	'user_delete',	1657,	1658),
(819,	764,	NULL,	NULL,	'user_add',	1547,	1548),
(820,	764,	NULL,	NULL,	'user_edit',	1549,	1550),
(821,	764,	NULL,	NULL,	'user_confirm',	1551,	1552),
(822,	764,	NULL,	NULL,	'user_delete',	1553,	1554),
(823,	764,	NULL,	NULL,	'user_rep_delivery_note',	1555,	1556),
(824,	764,	NULL,	NULL,	'user_b_p_delivery_note',	1557,	1558),
(825,	764,	NULL,	NULL,	'user_invoice',	1559,	1560),
(826,	764,	NULL,	NULL,	'user_view_pdf',	1561,	1562),
(827,	788,	NULL,	NULL,	'user_add',	1627,	1628),
(828,	788,	NULL,	NULL,	'user_edit',	1629,	1630),
(829,	788,	NULL,	NULL,	'user_delete',	1631,	1632),
(830,	788,	NULL,	NULL,	'user_confirm',	1633,	1634),
(831,	788,	NULL,	NULL,	'user_delivery_note',	1635,	1636),
(832,	772,	NULL,	NULL,	'user_add',	1579,	1580),
(833,	772,	NULL,	NULL,	'user_edit',	1581,	1582),
(834,	772,	NULL,	NULL,	'user_delete',	1583,	1584),
(835,	772,	NULL,	NULL,	'user_confirm',	1585,	1586),
(836,	772,	NULL,	NULL,	'user_view_pdf',	1587,	1588),
(837,	159,	NULL,	NULL,	'user_init_truncate',	417,	418),
(838,	2,	NULL,	NULL,	'user_list_unconfirmed_requests',	17,	18),
(839,	1,	NULL,	NULL,	'Tools',	1676,	1693),
(840,	839,	NULL,	NULL,	'exchange_rate_download',	1677,	1678),
(841,	839,	NULL,	NULL,	'user_xls_export',	1679,	1680),
(842,	839,	NULL,	NULL,	'add',	1681,	1682),
(843,	839,	NULL,	NULL,	'edit',	1683,	1684),
(844,	839,	NULL,	NULL,	'index',	1685,	1686),
(845,	839,	NULL,	NULL,	'view',	1687,	1688),
(846,	839,	NULL,	NULL,	'delete',	1689,	1690),
(847,	839,	NULL,	NULL,	'user_exchange_rate_download',	1691,	1692);

DROP TABLE IF EXISTS `address_types`;
CREATE TABLE `address_types` (
  `id` int(10) unsigned NOT NULL AUTO_INCREMENT,
  `created` datetime NOT NULL,
  `modified` datetime NOT NULL,
  `name` varchar(100) COLLATE utf8_czech_ci NOT NULL,
  `just_one` tinyint(1) NOT NULL DEFAULT '0',
  PRIMARY KEY (`id`)
) ENGINE=InnoDB DEFAULT CHARSET=utf8 COLLATE=utf8_czech_ci;

INSERT INTO `address_types` (`id`, `created`, `modified`, `name`, `just_one`) VALUES
(1,	'2011-01-25 09:27:55',	'2011-01-25 09:27:55',	'sídla',	1),
(3,	'2011-01-25 18:45:03',	'2011-01-25 18:45:03',	'fakturační',	1),
(4,	'2011-01-25 18:45:11',	'2011-01-25 18:45:11',	'zasílací',	1),
(5,	'2011-01-25 18:45:20',	'2011-01-25 18:45:20',	'pobočky',	0);

DROP TABLE IF EXISTS `addresses`;
CREATE TABLE `addresses` (
  `id` int(10) unsigned NOT NULL AUTO_INCREMENT,
  `created` datetime NOT NULL,
  `modified` datetime NOT NULL,
  `name` varchar(255) COLLATE utf8_czech_ci NOT NULL,
  `person_first_name` varchar(150) COLLATE utf8_czech_ci NOT NULL,
  `person_last_name` varchar(150) COLLATE utf8_czech_ci NOT NULL,
  `street` varchar(150) COLLATE utf8_czech_ci NOT NULL,
  `number` varchar(10) COLLATE utf8_czech_ci NOT NULL,
  `o_number` varchar(10) COLLATE utf8_czech_ci NOT NULL,
  `city` varchar(100) COLLATE utf8_czech_ci NOT NULL,
  `zip` varchar(5) COLLATE utf8_czech_ci NOT NULL,
  `region` varchar(100) COLLATE utf8_czech_ci NOT NULL,
  `business_partner_id` int(10) unsigned NOT NULL,
  `address_type_id` int(10) unsigned NOT NULL,
  PRIMARY KEY (`id`)
) ENGINE=InnoDB DEFAULT CHARSET=utf8 COLLATE=utf8_czech_ci;

INSERT INTO `addresses` (`id`, `created`, `modified`, `name`, `person_first_name`, `person_last_name`, `street`, `number`, `o_number`, `city`, `zip`, `region`, `business_partner_id`, `address_type_id`) VALUES
(1,	'2014-07-24 14:06:02',	'2014-07-24 14:06:02',	'Mgr. Martin Polák',	'Martin',	'Polák',	'Mokrá',	'307',	'',	'Mokrá-Horákov',	'66404',	'',	1,	1),
(2,	'2014-07-24 14:06:02',	'2014-07-24 14:06:02',	'Mgr. Martin Polák',	'Martin',	'Polák',	'Mokrá',	'307',	'',	'Mokrá-Horákov',	'66404',	'',	1,	3),
(3,	'2014-07-24 14:06:02',	'2014-07-24 14:06:02',	'Mgr. Martin Polák',	'Martin',	'Polák',	'Mokrá',	'307',	'',	'Mokrá-Horákov',	'66404',	'',	1,	4),
(4,	'2014-07-29 23:15:06',	'2014-07-29 23:15:06',	'MeaVita s.r.o.',	'',	'',	' Fillova',	'260/1',	'',	'Brno-sever,  Lesná',	'',	'',	2,	1),
(5,	'2014-07-29 23:15:59',	'2014-07-29 23:15:59',	'MedicalCorp CZ s.r.o.',	'',	'',	' Běhounská',	'677/15',	'',	'Brno-střed,  Brno-město',	'',	'',	3,	1);

DROP TABLE IF EXISTS `anniversaries`;
CREATE TABLE `anniversaries` (
  `id` int(10) unsigned NOT NULL AUTO_INCREMENT,
  `created` datetime NOT NULL,
  `modified` datetime NOT NULL,
  `date` date NOT NULL,
  `anniversary_type_id` int(10) unsigned NOT NULL,
  `anniversary_action_id` int(10) unsigned NOT NULL,
  `contact_person_id` int(10) unsigned NOT NULL,
  `note` varchar(255) COLLATE utf8_czech_ci NOT NULL,
  PRIMARY KEY (`id`)
) ENGINE=InnoDB DEFAULT CHARSET=utf8 COLLATE=utf8_czech_ci;


DROP TABLE IF EXISTS `anniversary_actions`;
CREATE TABLE `anniversary_actions` (
  `id` int(10) unsigned NOT NULL AUTO_INCREMENT,
  `created` datetime NOT NULL,
  `modified` datetime NOT NULL,
  `name` varchar(100) COLLATE utf8_czech_ci NOT NULL,
  PRIMARY KEY (`id`)
) ENGINE=InnoDB DEFAULT CHARSET=utf8 COLLATE=utf8_czech_ci;

INSERT INTO `anniversary_actions` (`id`, `created`, `modified`, `name`) VALUES
(1,	'2011-01-30 10:09:04',	'2011-01-30 10:09:04',	'poslat email'),
(2,	'2011-01-30 10:09:13',	'2011-01-30 10:09:13',	'upozornit');

DROP TABLE IF EXISTS `anniversary_types`;
CREATE TABLE `anniversary_types` (
  `id` int(10) unsigned NOT NULL AUTO_INCREMENT,
  `created` datetime NOT NULL,
  `modified` datetime NOT NULL,
  `name` varchar(100) COLLATE utf8_czech_ci NOT NULL,
  `every_year` tinyint(1) NOT NULL DEFAULT '1',
  PRIMARY KEY (`id`)
) ENGINE=InnoDB DEFAULT CHARSET=utf8 COLLATE=utf8_czech_ci;

INSERT INTO `anniversary_types` (`id`, `created`, `modified`, `name`, `every_year`) VALUES
(1,	'2011-01-24 17:45:11',	'2011-03-03 19:07:34',	'Svátek',	1),
(2,	'2011-01-24 17:45:39',	'2011-01-30 11:59:20',	'Narozeniny',	1),
(4,	'2011-03-25 09:26:41',	'2011-03-25 09:26:41',	'neopakujici',	0),
(5,	'2011-04-27 16:01:55',	'2011-04-27 16:01:55',	'jiné opakující',	1);

DROP TABLE IF EXISTS `aros`;
CREATE TABLE `aros` (
  `id` int(10) unsigned NOT NULL AUTO_INCREMENT,
  `parent_id` int(10) DEFAULT NULL,
  `model` varchar(255) COLLATE utf8_czech_ci DEFAULT '',
  `foreign_key` int(10) unsigned DEFAULT NULL,
  `alias` varchar(255) COLLATE utf8_czech_ci DEFAULT '',
  `lft` int(10) DEFAULT NULL,
  `rght` int(10) DEFAULT NULL,
  PRIMARY KEY (`id`),
  KEY `lft_rght` (`lft`,`rght`),
  KEY `alias` (`alias`),
  KEY `model_foreign_key` (`model`,`foreign_key`)
) ENGINE=InnoDB DEFAULT CHARSET=utf8 COLLATE=utf8_czech_ci;

INSERT INTO `aros` (`id`, `parent_id`, `model`, `foreign_key`, `alias`, `lft`, `rght`) VALUES
(1,	NULL,	'UserType',	1,	'admin',	1,	12),
(2,	1,	'User',	1,	'Polák Martin',	2,	3),
(3,	NULL,	'UserType',	2,	'manager',	13,	18),
(5,	NULL,	'UserType',	3,	'user',	19,	24),
(12,	1,	'User',	9,	'',	4,	5),
(13,	1,	'User',	10,	'',	6,	7),
(14,	5,	'User',	11,	'',	20,	21),
(15,	3,	'User',	12,	'',	14,	15),
(16,	1,	'User',	13,	'',	8,	9),
(17,	5,	'User',	14,	'',	22,	23),
(18,	3,	'User',	15,	'',	16,	17),
(21,	NULL,	'UserType',	4,	'rep',	25,	56),
(23,	21,	'User',	18,	'',	28,	29),
(24,	21,	'User',	19,	'',	30,	31),
(25,	21,	'User',	31,	'',	32,	33),
(26,	21,	'User',	18,	'',	34,	35),
(27,	21,	'User',	18,	'',	36,	37),
(28,	21,	'User',	18,	'',	38,	39),
(29,	21,	'User',	18,	'',	40,	41),
(30,	21,	'User',	18,	'',	42,	43),
(31,	21,	'User',	18,	'',	44,	45),
(32,	21,	'User',	18,	'',	46,	47),
(33,	NULL,	'UserType',	5,	'c_s_rep',	57,	78),
(34,	33,	'User',	32,	'',	58,	59),
(37,	21,	'User',	34,	'',	48,	49),
(38,	1,	'User',	35,	'',	10,	11),
(39,	33,	'User',	36,	'',	60,	61),
(40,	21,	'User',	37,	'',	50,	51),
(41,	21,	'User',	38,	'',	52,	53),
(42,	33,	'User',	39,	'',	62,	63),
(43,	NULL,	'User',	40,	'',	79,	80),
(44,	33,	'User',	39,	'',	64,	65),
(45,	33,	'User',	41,	'',	66,	67),
(46,	21,	'User',	42,	'',	54,	55),
(47,	33,	'User',	43,	'',	68,	69),
(48,	33,	'User',	39,	'',	70,	71),
(49,	33,	'User',	39,	'',	72,	73),
(50,	33,	'User',	39,	'',	74,	75),
(51,	33,	'User',	39,	'',	76,	77);

DROP TABLE IF EXISTS `aros_acos`;
CREATE TABLE `aros_acos` (
  `id` int(10) unsigned NOT NULL AUTO_INCREMENT,
  `aro_id` int(10) unsigned NOT NULL,
  `aco_id` int(10) unsigned NOT NULL,
  `_create` char(2) COLLATE utf8_czech_ci NOT NULL DEFAULT '0',
  `_read` char(2) COLLATE utf8_czech_ci NOT NULL DEFAULT '0',
  `_update` char(2) COLLATE utf8_czech_ci NOT NULL DEFAULT '0',
  `_delete` char(2) COLLATE utf8_czech_ci NOT NULL DEFAULT '0',
  PRIMARY KEY (`id`),
  KEY `aro_id` (`aro_id`),
  KEY `aco_id` (`aco_id`),
  CONSTRAINT `aros_acos_ibfk_2` FOREIGN KEY (`aco_id`) REFERENCES `acos` (`id`),
  CONSTRAINT `aros_acos_ibfk_1` FOREIGN KEY (`aro_id`) REFERENCES `aros` (`id`)
) ENGINE=InnoDB DEFAULT CHARSET=utf8 COLLATE=utf8_czech_ci;

INSERT INTO `aros_acos` (`id`, `aro_id`, `aco_id`, `_create`, `_read`, `_update`, `_delete`) VALUES
(1,	1,	1,	'1',	'1',	'1',	'1'),
(2,	1,	797,	'-1',	'-1',	'-1',	'-1'),
(3,	1,	516,	'-1',	'-1',	'-1',	'-1'),
(4,	3,	1,	'1',	'1',	'1',	'1'),
(5,	3,	162,	'-1',	'-1',	'-1',	'-1'),
(6,	3,	44,	'-1',	'-1',	'-1',	'-1'),
(7,	3,	139,	'-1',	'-1',	'-1',	'-1'),
(8,	3,	281,	'-1',	'-1',	'-1',	'-1'),
(9,	3,	88,	'-1',	'-1',	'-1',	'-1'),
(10,	3,	78,	'-1',	'-1',	'-1',	'-1'),
(11,	3,	18,	'-1',	'-1',	'-1',	'-1'),
(12,	3,	231,	'-1',	'-1',	'-1',	'-1'),
(13,	3,	243,	'-1',	'-1',	'-1',	'-1'),
(14,	3,	264,	'-1',	'-1',	'-1',	'-1'),
(15,	3,	319,	'-1',	'-1',	'-1',	'-1'),
(16,	3,	435,	'-1',	'-1',	'-1',	'-1'),
(17,	3,	312,	'-1',	'-1',	'-1',	'-1'),
(18,	3,	606,	'-1',	'-1',	'-1',	'-1'),
(19,	3,	797,	'-1',	'-1',	'-1',	'-1'),
(20,	3,	516,	'-1',	'-1',	'-1',	'-1'),
(21,	5,	1,	'1',	'1',	'1',	'1'),
(22,	5,	159,	'-1',	'-1',	'-1',	'-1'),
(23,	5,	160,	'1',	'1',	'1',	'1'),
(24,	5,	163,	'1',	'1',	'1',	'1'),
(25,	5,	165,	'1',	'1',	'1',	'1'),
(26,	5,	173,	'-1',	'-1',	'-1',	'-1'),
(27,	5,	174,	'1',	'1',	'1',	'1'),
(28,	5,	281,	'-1',	'-1',	'-1',	'-1'),
(29,	5,	222,	'-1',	'-1',	'-1',	'-1'),
(30,	5,	44,	'-1',	'-1',	'-1',	'-1'),
(31,	5,	139,	'-1',	'-1',	'-1',	'-1'),
(32,	5,	88,	'-1',	'-1',	'-1',	'-1'),
(33,	5,	78,	'-1',	'-1',	'-1',	'-1'),
(34,	5,	18,	'-1',	'-1',	'-1',	'-1'),
(35,	5,	231,	'-1',	'-1',	'-1',	'-1'),
(36,	5,	243,	'-1',	'-1',	'-1',	'-1'),
(37,	5,	264,	'-1',	'-1',	'-1',	'-1'),
(38,	5,	319,	'-1',	'-1',	'-1',	'-1'),
(39,	5,	435,	'-1',	'-1',	'-1',	'-1'),
(40,	5,	312,	'-1',	'-1',	'-1',	'-1'),
(41,	5,	423,	'-1',	'-1',	'-1',	'-1'),
(42,	5,	411,	'-1',	'-1',	'-1',	'-1'),
(43,	5,	283,	'-1',	'-1',	'-1',	'-1'),
(44,	5,	459,	'-1',	'-1',	'-1',	'-1'),
(45,	5,	392,	'-1',	'-1',	'-1',	'-1'),
(46,	5,	403,	'-1',	'-1',	'-1',	'-1'),
(47,	5,	451,	'-1',	'-1',	'-1',	'-1'),
(48,	5,	712,	'-1',	'-1',	'-1',	'-1'),
(49,	5,	699,	'-1',	'-1',	'-1',	'-1'),
(50,	5,	724,	'-1',	'-1',	'-1',	'-1'),
(51,	5,	735,	'-1',	'-1',	'-1',	'-1'),
(52,	5,	679,	'-1',	'-1',	'-1',	'-1'),
(53,	5,	484,	'-1',	'-1',	'-1',	'-1'),
(54,	5,	475,	'-1',	'-1',	'-1',	'-1'),
(55,	5,	515,	'-1',	'-1',	'-1',	'-1'),
(56,	5,	505,	'-1',	'-1',	'-1',	'-1'),
(57,	5,	498,	'-1',	'-1',	'-1',	'-1'),
(58,	5,	594,	'-1',	'-1',	'-1',	'-1'),
(59,	5,	572,	'-1',	'-1',	'-1',	'-1'),
(60,	5,	583,	'-1',	'-1',	'-1',	'-1'),
(61,	5,	838,	'-1',	'-1',	'-1',	'-1'),
(62,	5,	847,	'-1',	'-1',	'-1',	'-1'),
(63,	21,	1,	'-1',	'-1',	'-1',	'-1'),
(64,	21,	160,	'1',	'1',	'1',	'1'),
(65,	21,	163,	'1',	'1',	'1',	'1'),
(66,	21,	485,	'1',	'1',	'1',	'1'),
(67,	21,	525,	'1',	'1',	'1',	'1'),
(68,	21,	476,	'1',	'1',	'1',	'1'),
(69,	21,	515,	'1',	'1',	'1',	'1'),
(70,	21,	505,	'1',	'1',	'1',	'1'),
(71,	21,	689,	'-1',	'-1',	'-1',	'-1'),
(72,	21,	670,	'1',	'1',	'1',	'1'),
(73,	21,	539,	'1',	'1',	'1',	'1'),
(74,	21,	548,	'1',	'1',	'1',	'1'),
(75,	21,	561,	'-1',	'-1',	'-1',	'-1'),
(76,	21,	562,	'-1',	'-1',	'-1',	'-1'),
(77,	21,	54,	'1',	'1',	'1',	'1'),
(78,	21,	59,	'-1',	'-1',	'-1',	'-1'),
(79,	21,	65,	'1',	'1',	'1',	'1'),
(80,	21,	98,	'1',	'1',	'1',	'1'),
(81,	21,	9,	'1',	'1',	'1',	'1'),
(82,	21,	347,	'1',	'1',	'1',	'1'),
(83,	21,	496,	'1',	'1',	'1',	'1'),
(84,	21,	460,	'1',	'1',	'1',	'1'),
(85,	21,	348,	'1',	'1',	'1',	'1'),
(86,	21,	128,	'1',	'1',	'1',	'1'),
(87,	33,	1,	'-1',	'-1',	'-1',	'-1'),
(88,	33,	160,	'1',	'1',	'1',	'1'),
(89,	33,	163,	'1',	'1',	'1',	'1'),
(90,	33,	744,	'1',	'1',	'1',	'1'),
(91,	33,	756,	'1',	'1',	'1',	'1'),
(92,	33,	781,	'1',	'1',	'1',	'1'),
(93,	33,	796,	'1',	'1',	'1',	'1'),
(94,	33,	764,	'1',	'1',	'1',	'1'),
(95,	33,	821,	'-1',	'-1',	'-1',	'-1'),
(96,	33,	804,	'1',	'1',	'1',	'1'),
(97,	33,	772,	'1',	'1',	'1',	'1'),
(98,	33,	788,	'1',	'1',	'1',	'1'),
(99,	33,	835,	'-1',	'-1',	'-1',	'-1'),
(100,	33,	830,	'-1',	'-1',	'-1',	'-1'),
(101,	33,	54,	'1',	'1',	'1',	'1'),
(102,	33,	59,	'-1',	'-1',	'-1',	'-1'),
(103,	33,	65,	'1',	'1',	'1',	'1'),
(104,	33,	98,	'1',	'1',	'1',	'1'),
(105,	33,	9,	'1',	'1',	'1',	'1'),
(106,	33,	347,	'1',	'1',	'1',	'1'),
(107,	33,	749,	'1',	'1',	'1',	'1'),
(108,	33,	460,	'1',	'1',	'1',	'1'),
(109,	33,	348,	'1',	'1',	'1',	'1'),
(110,	33,	128,	'1',	'1',	'1',	'1'),
(111,	1,	469,	'-1',	'-1',	'-1',	'-1'),
(112,	3,	469,	'-1',	'-1',	'-1',	'-1'),
(113,	5,	469,	'-1',	'-1',	'-1',	'-1'),
(114,	21,	469,	'-1',	'-1',	'-1',	'-1'),
(115,	33,	469,	'-1',	'-1',	'-1',	'-1');

DROP TABLE IF EXISTS `b_p_c_s_rep_purchases`;
CREATE TABLE `b_p_c_s_rep_purchases` (
  `id` int(10) unsigned NOT NULL AUTO_INCREMENT,
  `created` datetime NOT NULL,
  `modified` datetime NOT NULL,
  `amount` decimal(10,2) NOT NULL,
  `amount_vat` decimal(10,2) NOT NULL,
  `business_partner_id` int(10) unsigned NOT NULL,
  `c_s_rep_id` int(10) unsigned NOT NULL,
  PRIMARY KEY (`id`)
) ENGINE=InnoDB DEFAULT CHARSET=utf8 COLLATE=utf8_czech_ci;


DROP TABLE IF EXISTS `b_p_c_s_rep_sales`;
CREATE TABLE `b_p_c_s_rep_sales` (
  `id` int(10) unsigned NOT NULL AUTO_INCREMENT,
  `created` datetime NOT NULL,
  `modified` datetime NOT NULL,
  `date_of_issue` datetime NOT NULL,
  `due_date` date NOT NULL,
  `note` text COLLATE utf8_czech_ci NOT NULL,
  `year` varchar(4) COLLATE utf8_czech_ci NOT NULL,
  `month` varchar(2) COLLATE utf8_czech_ci NOT NULL,
  `order` varchar(3) COLLATE utf8_czech_ci NOT NULL,
  `amount` decimal(10,2) NOT NULL,
  `amount_vat` decimal(10,2) NOT NULL,
  `confirmed` tinyint(1) unsigned NOT NULL,
  `business_partner_id` int(10) unsigned NOT NULL,
  `c_s_rep_id` int(10) unsigned NOT NULL,
  `b_p_rep_sale_payment_id` int(10) unsigned NOT NULL,
  `user_id` int(10) unsigned NOT NULL,
  PRIMARY KEY (`id`)
) ENGINE=InnoDB DEFAULT CHARSET=utf8 COLLATE=utf8_czech_ci;


DROP TABLE IF EXISTS `b_p_c_s_rep_transaction_items`;
CREATE TABLE `b_p_c_s_rep_transaction_items` (
  `id` int(10) unsigned NOT NULL AUTO_INCREMENT,
  `created` datetime NOT NULL,
  `modified` datetime NOT NULL,
  `product_name` varchar(255) COLLATE utf8_czech_ci NOT NULL,
  `quantity` int(11) NOT NULL,
  `price` decimal(10,2) NOT NULL,
  `price_vat` decimal(10,2) NOT NULL,
  `product_variant_id` int(10) unsigned NOT NULL,
  `b_p_c_s_rep_purchase_id` int(10) unsigned NOT NULL,
  `b_p_c_s_rep_sale_id` int(10) unsigned NOT NULL,
  PRIMARY KEY (`id`)
) ENGINE=InnoDB DEFAULT CHARSET=utf8 COLLATE=utf8_czech_ci;


DROP TABLE IF EXISTS `b_p_rep_purchases`;
CREATE TABLE `b_p_rep_purchases` (
  `id` int(10) unsigned NOT NULL AUTO_INCREMENT,
  `created` datetime NOT NULL,
  `modified` datetime NOT NULL,
  `amount` decimal(10,2) NOT NULL,
  `amount_vat` decimal(10,2) NOT NULL,
  `business_partner_id` int(10) unsigned NOT NULL,
  `rep_id` int(10) unsigned NOT NULL,
  PRIMARY KEY (`id`)
) ENGINE=InnoDB DEFAULT CHARSET=utf8 COLLATE=utf8_czech_ci;


DROP TABLE IF EXISTS `b_p_rep_sale_payments`;
CREATE TABLE `b_p_rep_sale_payments` (
  `id` int(10) unsigned NOT NULL AUTO_INCREMENT,
  `created` datetime NOT NULL,
  `modified` datetime NOT NULL,
  `name` varchar(255) COLLATE utf8_czech_ci NOT NULL,
  PRIMARY KEY (`id`)
) ENGINE=InnoDB DEFAULT CHARSET=utf8 COLLATE=utf8_czech_ci;

INSERT INTO `b_p_rep_sale_payments` (`id`, `created`, `modified`, `name`) VALUES
(1,	'0000-00-00 00:00:00',	'0000-00-00 00:00:00',	'hotově'),
(2,	'0000-00-00 00:00:00',	'0000-00-00 00:00:00',	'na fakturu');

DROP TABLE IF EXISTS `b_p_rep_sales`;
CREATE TABLE `b_p_rep_sales` (
  `id` int(10) unsigned NOT NULL AUTO_INCREMENT,
  `created` datetime NOT NULL,
  `modified` datetime NOT NULL,
  `date_of_issue` datetime NOT NULL,
  `due_date` date NOT NULL,
  `note` text COLLATE utf8_czech_ci NOT NULL,
  `year` varchar(4) COLLATE utf8_czech_ci NOT NULL,
  `month` varchar(2) COLLATE utf8_czech_ci NOT NULL,
  `order` varchar(3) COLLATE utf8_czech_ci NOT NULL,
  `amount` decimal(10,2) NOT NULL,
  `amount_vat` decimal(10,2) NOT NULL,
  `confirmed` tinyint(1) unsigned NOT NULL,
  `business_partner_id` int(10) unsigned NOT NULL,
  `rep_id` int(10) unsigned NOT NULL,
  `b_p_rep_sale_payment_id` int(10) unsigned NOT NULL,
  `user_id` int(10) unsigned NOT NULL,
  PRIMARY KEY (`id`)
) ENGINE=InnoDB DEFAULT CHARSET=utf8 COLLATE=utf8_czech_ci;


DROP TABLE IF EXISTS `b_p_rep_transaction_items`;
CREATE TABLE `b_p_rep_transaction_items` (
  `id` int(10) unsigned NOT NULL AUTO_INCREMENT,
  `created` datetime NOT NULL,
  `modified` datetime NOT NULL,
  `product_name` varchar(255) COLLATE utf8_czech_ci NOT NULL,
  `quantity` int(10) unsigned NOT NULL,
  `price` decimal(8,2) NOT NULL,
  `price_vat` decimal(8,2) NOT NULL,
  `product_variant_id` int(10) unsigned NOT NULL,
  `b_p_rep_purchase_id` int(10) unsigned NOT NULL,
  `b_p_rep_sale_id` int(10) unsigned NOT NULL,
  PRIMARY KEY (`id`)
) ENGINE=InnoDB DEFAULT CHARSET=utf8 COLLATE=utf8_czech_ci;


DROP TABLE IF EXISTS `business_partner_notes`;
CREATE TABLE `business_partner_notes` (
  `id` int(10) unsigned NOT NULL AUTO_INCREMENT,
  `created` datetime NOT NULL,
  `modified` datetime NOT NULL,
  `text` text COLLATE utf8_czech_ci NOT NULL,
  `business_partner_id` int(10) unsigned NOT NULL,
  PRIMARY KEY (`id`)
) ENGINE=InnoDB DEFAULT CHARSET=utf8 COLLATE=utf8_czech_ci;


DROP TABLE IF EXISTS `business_partners`;
CREATE TABLE `business_partners` (
  `id` int(10) unsigned NOT NULL AUTO_INCREMENT,
  `created` datetime NOT NULL,
  `modified` datetime NOT NULL,
  `name` varchar(150) COLLATE utf8_czech_ci NOT NULL,
  `ico` varchar(15) COLLATE utf8_czech_ci NOT NULL,
  `dic` varchar(15) COLLATE utf8_czech_ci NOT NULL,
  `email` varchar(150) COLLATE utf8_czech_ci DEFAULT NULL,
  `phone` varchar(15) COLLATE utf8_czech_ci DEFAULT NULL,
  `active` tinyint(1) NOT NULL,
  `note` text COLLATE utf8_czech_ci NOT NULL,
  `bonity` smallint(6) NOT NULL,
  `opening_hours` text COLLATE utf8_czech_ci NOT NULL,
  `user_id` int(10) unsigned NOT NULL,
  PRIMARY KEY (`id`)
) ENGINE=InnoDB DEFAULT CHARSET=utf8 COLLATE=utf8_czech_ci;

INSERT INTO `business_partners` (`id`, `created`, `modified`, `name`, `ico`, `dic`, `email`, `phone`, `active`, `note`, `bonity`, `opening_hours`, `user_id`) VALUES
(1,	'2014-07-24 14:06:02',	'2014-07-24 14:06:02',	'Mgr. Martin Polák',	'75306948',	'',	'',	'',	0,	'',	5,	'',	1),
(2,	'2014-07-29 23:15:02',	'2014-07-29 23:15:02',	'MeaVita s.r.o.',	'29248400',	'',	'',	'',	0,	'',	5,	'',	1),
(3,	'2014-07-29 23:15:59',	'2014-07-29 23:15:59',	'MedicalCorp CZ s.r.o.',	'02646421',	'',	'',	'',	0,	'',	5,	'',	1);

DROP TABLE IF EXISTS `business_session_states`;
CREATE TABLE `business_session_states` (
  `id` int(10) unsigned NOT NULL AUTO_INCREMENT,
  `created` datetime NOT NULL,
  `modified` datetime NOT NULL,
  `name` varchar(50) COLLATE utf8_czech_ci NOT NULL,
  PRIMARY KEY (`id`)
) ENGINE=InnoDB DEFAULT CHARSET=utf8 COLLATE=utf8_czech_ci;

INSERT INTO `business_session_states` (`id`, `created`, `modified`, `name`) VALUES
(1,	'2011-01-25 18:44:30',	'2011-01-25 18:44:30',	'otevřeno'),
(2,	'2011-01-25 18:44:37',	'2011-01-25 18:44:37',	'uzavřeno'),
(3,	'2011-01-25 18:44:43',	'2011-01-25 18:44:43',	'stornováno');

DROP TABLE IF EXISTS `business_session_types`;
CREATE TABLE `business_session_types` (
  `id` int(10) unsigned NOT NULL AUTO_INCREMENT,
  `created` datetime NOT NULL,
  `modified` datetime NOT NULL,
  `name` varchar(50) COLLATE utf8_czech_ci NOT NULL,
  PRIMARY KEY (`id`)
) ENGINE=InnoDB DEFAULT CHARSET=utf8 COLLATE=utf8_czech_ci;

INSERT INTO `business_session_types` (`id`, `created`, `modified`, `name`) VALUES
(1,	'2011-01-25 18:43:55',	'2011-01-25 18:43:55',	'schůzka/návštěva'),
(2,	'2011-01-25 18:44:05',	'2011-01-25 18:44:05',	'oběd/večeře'),
(3,	'2011-01-25 18:44:11',	'2011-01-25 18:44:11',	'telefon'),
(4,	'2011-01-25 18:44:16',	'2011-01-25 18:44:16',	'ostatní');

DROP TABLE IF EXISTS `business_sessions`;
CREATE TABLE `business_sessions` (
  `id` int(10) unsigned NOT NULL AUTO_INCREMENT,
  `created` datetime NOT NULL,
  `modified` datetime NOT NULL,
  `user_id` int(10) unsigned NOT NULL,
  `date` datetime NOT NULL,
  `business_session_type_id` int(10) unsigned NOT NULL,
  `description` text COLLATE utf8_czech_ci NOT NULL,
  `business_session_state_id` int(10) unsigned NOT NULL,
  `business_partner_id` int(10) unsigned NOT NULL,
  PRIMARY KEY (`id`)
) ENGINE=InnoDB DEFAULT CHARSET=utf8 COLLATE=utf8_czech_ci;


DROP TABLE IF EXISTS `business_sessions_contact_people`;
CREATE TABLE `business_sessions_contact_people` (
  `id` int(10) unsigned NOT NULL AUTO_INCREMENT,
  `created` datetime NOT NULL,
  `modified` datetime NOT NULL,
  `business_session_id` int(10) unsigned NOT NULL,
  `contact_person_id` int(10) unsigned NOT NULL,
  PRIMARY KEY (`id`)
) ENGINE=InnoDB DEFAULT CHARSET=utf8 COLLATE=utf8_czech_ci;


DROP TABLE IF EXISTS `business_sessions_users`;
CREATE TABLE `business_sessions_users` (
  `id` int(10) unsigned NOT NULL AUTO_INCREMENT,
  `created` datetime NOT NULL,
  `modified` datetime NOT NULL,
  `business_session_id` int(10) unsigned NOT NULL,
  `user_id` int(10) unsigned NOT NULL,
  PRIMARY KEY (`id`)
) ENGINE=InnoDB DEFAULT CHARSET=utf8 COLLATE=utf8_czech_ci;


DROP TABLE IF EXISTS `c_s_credit_notes`;
CREATE TABLE `c_s_credit_notes` (
  `id` int(10) unsigned NOT NULL AUTO_INCREMENT,
  `created` datetime NOT NULL,
  `modified` datetime NOT NULL,
  `date_of_issue` datetime NOT NULL,
  `due_date` date NOT NULL,
  `note` text COLLATE utf8_czech_ci NOT NULL,
  `year` int(4) unsigned NOT NULL,
  `month` varchar(2) COLLATE utf8_czech_ci NOT NULL,
  `order` varchar(3) COLLATE utf8_czech_ci NOT NULL,
  `amount` decimal(10,2) NOT NULL,
  `amount_vat` decimal(10,2) NOT NULL,
  `business_partner_id` int(10) unsigned NOT NULL,
  `user_id` int(10) unsigned NOT NULL,
  `currency_id` int(10) unsigned NOT NULL,
  `language_id` int(10) unsigned NOT NULL,
  PRIMARY KEY (`id`)
) ENGINE=InnoDB DEFAULT CHARSET=utf8 COLLATE=utf8_czech_ci;


DROP TABLE IF EXISTS `c_s_invoices`;
CREATE TABLE `c_s_invoices` (
  `id` int(10) unsigned NOT NULL AUTO_INCREMENT,
  `created` datetime NOT NULL,
  `modified` datetime NOT NULL,
  `date_of_issue` datetime NOT NULL,
  `due_date` date NOT NULL,
  `note` text COLLATE utf8_czech_ci NOT NULL,
  `year` int(4) unsigned NOT NULL,
  `month` varchar(2) COLLATE utf8_czech_ci NOT NULL,
  `order` varchar(3) COLLATE utf8_czech_ci NOT NULL COMMENT 'poradi faktury v mesici',
  `amount` decimal(10,2) NOT NULL,
  `amount_vat` decimal(10,2) NOT NULL,
  `order_number` varchar(200) COLLATE utf8_czech_ci NOT NULL COMMENT 'cislo objednavky',
  `business_partner_id` int(10) unsigned NOT NULL,
  `user_id` int(10) unsigned NOT NULL,
  `currency_id` int(10) unsigned NOT NULL,
  `language_id` int(10) unsigned NOT NULL,
  PRIMARY KEY (`id`)
) ENGINE=InnoDB DEFAULT CHARSET=utf8 COLLATE=utf8_czech_ci;


DROP TABLE IF EXISTS `c_s_m_c_purchases`;
CREATE TABLE `c_s_m_c_purchases` (
  `id` int(10) unsigned NOT NULL AUTO_INCREMENT,
  `created` datetime NOT NULL,
  `modified` datetime NOT NULL,
  `date_of_issue` datetime NOT NULL,
  `due_date` date NOT NULL,
  `note` text COLLATE utf8_czech_ci NOT NULL,
  `year` varchar(4) COLLATE utf8_czech_ci NOT NULL,
  `month` varchar(2) COLLATE utf8_czech_ci NOT NULL,
  `order` varchar(3) COLLATE utf8_czech_ci NOT NULL,
  `amount` decimal(10,2) NOT NULL,
  `amount_vat` decimal(10,2) NOT NULL,
  `user_id` int(10) unsigned NOT NULL,
  PRIMARY KEY (`id`),
  KEY `user_id` (`user_id`)
) ENGINE=InnoDB DEFAULT CHARSET=utf8 COLLATE=utf8_czech_ci;


DROP TABLE IF EXISTS `c_s_m_c_sales`;
CREATE TABLE `c_s_m_c_sales` (
  `id` int(10) unsigned NOT NULL AUTO_INCREMENT,
  `created` datetime NOT NULL,
  `modified` datetime NOT NULL,
  `date_of_issue` datetime NOT NULL,
  `due_date` date NOT NULL,
  `note` text COLLATE utf8_czech_ci NOT NULL,
  `year` varchar(4) COLLATE utf8_czech_ci NOT NULL,
  `month` varchar(4) COLLATE utf8_czech_ci NOT NULL,
  `order` varchar(3) COLLATE utf8_czech_ci NOT NULL,
  `amount` decimal(10,2) NOT NULL,
  `amount_vat` decimal(10,2) NOT NULL,
  `user_id` int(10) unsigned NOT NULL,
  PRIMARY KEY (`id`),
  KEY `user_id` (`user_id`)
) ENGINE=InnoDB DEFAULT CHARSET=utf8 COLLATE=utf8_czech_ci;


DROP TABLE IF EXISTS `c_s_m_c_transaction_items`;
CREATE TABLE `c_s_m_c_transaction_items` (
  `id` int(10) unsigned NOT NULL AUTO_INCREMENT,
  `created` datetime NOT NULL,
  `modified` datetime NOT NULL,
  `product_name` varchar(255) COLLATE utf8_czech_ci NOT NULL,
  `quantity` int(11) NOT NULL,
  `price` decimal(12,2) NOT NULL,
  `price_vat` decimal(12,2) NOT NULL,
  `product_variant_id` int(10) unsigned NOT NULL,
  `c_s_m_c_purchase_id` int(10) unsigned NOT NULL,
  `c_s_m_c_sale_id` int(10) unsigned NOT NULL,
  PRIMARY KEY (`id`)
) ENGINE=InnoDB DEFAULT CHARSET=utf8 COLLATE=utf8_czech_ci;


DROP TABLE IF EXISTS `c_s_rep_attributes`;
CREATE TABLE `c_s_rep_attributes` (
  `id` int(10) unsigned NOT NULL AUTO_INCREMENT,
  `created` datetime NOT NULL,
  `modified` datetime NOT NULL,
  `street` varchar(100) COLLATE utf8_czech_ci NOT NULL,
  `street_number` varchar(10) COLLATE utf8_czech_ci NOT NULL,
  `city` varchar(150) COLLATE utf8_czech_ci NOT NULL,
  `zip` varchar(6) COLLATE utf8_czech_ci NOT NULL,
  `ico` varchar(20) COLLATE utf8_czech_ci NOT NULL,
  `dic` varchar(20) COLLATE utf8_czech_ci NOT NULL,
  `c_s_rep_id` int(10) unsigned NOT NULL,
  `last_sale` date NOT NULL,
  PRIMARY KEY (`id`)
) ENGINE=InnoDB DEFAULT CHARSET=utf8 COLLATE=utf8_czech_ci;

INSERT INTO `c_s_rep_attributes` (`id`, `created`, `modified`, `street`, `street_number`, `city`, `zip`, `ico`, `dic`, `c_s_rep_id`, `last_sale`) VALUES
(1,	'2014-08-20 14:21:41',	'2014-08-21 16:35:25',	'Mearepova',	'789',	'Mearepov',	'78945',	'ico',	'dic',	39,	'2014-08-21'),
(3,	'2014-08-21 14:31:57',	'2014-08-21 14:31:57',	'novy',	'novy',	'novy',	'12345',	'',	'',	41,	'0000-00-00'),
(4,	'2014-08-21 14:40:06',	'2014-08-21 14:40:06',	'mea',	'mea',	'mea32154',	'54321',	'',	'',	43,	'0000-00-00');

DROP TABLE IF EXISTS `c_s_rep_purchases`;
CREATE TABLE `c_s_rep_purchases` (
  `id` int(11) NOT NULL AUTO_INCREMENT,
  `created` datetime NOT NULL,
  `modified` datetime NOT NULL,
  `amount` decimal(10,2) NOT NULL,
  `amount_vat` decimal(10,2) NOT NULL,
  `confirmed` tinyint(1) unsigned NOT NULL,
  `c_s_rep_id` int(10) unsigned NOT NULL,
  `user_id` int(10) unsigned DEFAULT NULL,
  `b_p_c_s_rep_purchase_id` int(10) unsigned NOT NULL,
  PRIMARY KEY (`id`)
) ENGINE=InnoDB DEFAULT CHARSET=utf8 COLLATE=utf8_czech_ci;


DROP TABLE IF EXISTS `c_s_rep_sales`;
CREATE TABLE `c_s_rep_sales` (
  `id` int(10) unsigned NOT NULL AUTO_INCREMENT,
  `created` datetime NOT NULL,
  `modified` datetime NOT NULL,
  `amount` decimal(10,2) NOT NULL,
  `amount_vat` decimal(10,2) NOT NULL,
  `confirmed` tinyint(1) unsigned NOT NULL,
  `confirm_date` datetime NOT NULL,
  `c_s_rep_id` int(10) unsigned NOT NULL,
  `user_id` int(10) unsigned NOT NULL,
  PRIMARY KEY (`id`)
) ENGINE=InnoDB DEFAULT CHARSET=utf8 COLLATE=utf8_czech_ci;


DROP TABLE IF EXISTS `c_s_rep_store_items`;
CREATE TABLE `c_s_rep_store_items` (
  `id` int(10) unsigned NOT NULL AUTO_INCREMENT,
  `created` datetime NOT NULL,
  `modified` datetime NOT NULL,
  `c_s_rep_id` int(10) unsigned NOT NULL,
  `product_variant_id` int(10) unsigned NOT NULL,
  `quantity` int(11) NOT NULL,
  `price` decimal(10,2) NOT NULL,
  `price_vat` decimal(10,2) NOT NULL,
  `is_saleable` tinyint(1) unsigned NOT NULL,
  PRIMARY KEY (`id`)
) ENGINE=InnoDB DEFAULT CHARSET=utf8 COLLATE=utf8_czech_ci;


DROP TABLE IF EXISTS `c_s_rep_transaction_items`;
CREATE TABLE `c_s_rep_transaction_items` (
  `id` int(10) unsigned NOT NULL AUTO_INCREMENT,
  `created` datetime NOT NULL,
  `modified` datetime NOT NULL,
  `product_name` varchar(255) COLLATE utf8_czech_ci NOT NULL,
  `quantity` int(11) NOT NULL,
  `price` decimal(10,2) NOT NULL,
  `price_vat` decimal(10,2) NOT NULL,
  `product_variant_id` int(10) unsigned NOT NULL,
  `c_s_rep_sale_id` int(10) unsigned NOT NULL,
  `c_s_rep_purchase_id` int(10) unsigned NOT NULL,
  PRIMARY KEY (`id`)
) ENGINE=InnoDB DEFAULT CHARSET=utf8 COLLATE=utf8_czech_ci;


DROP TABLE IF EXISTS `c_s_storings`;
CREATE TABLE `c_s_storings` (
  `id` int(10) unsigned NOT NULL AUTO_INCREMENT,
  `created` datetime NOT NULL,
  `modified` datetime NOT NULL,
  `date` date NOT NULL,
  `time` time NOT NULL,
  `note` text COLLATE utf8_czech_ci NOT NULL,
  `user_id` int(10) unsigned NOT NULL,
  PRIMARY KEY (`id`)
) ENGINE=InnoDB DEFAULT CHARSET=utf8 COLLATE=utf8_czech_ci;


DROP TABLE IF EXISTS `c_s_transaction_items`;
CREATE TABLE `c_s_transaction_items` (
  `id` int(10) unsigned NOT NULL AUTO_INCREMENT,
  `created` datetime NOT NULL,
  `modified` datetime NOT NULL,
  `product_name` varchar(255) COLLATE utf8_czech_ci NOT NULL,
  `product_en_name` varchar(255) COLLATE utf8_czech_ci NOT NULL,
  `quantity` int(11) NOT NULL,
  `price` decimal(8,2) NOT NULL,
  `price_vat` decimal(8,2) NOT NULL,
  `description` varchar(255) COLLATE utf8_czech_ci NOT NULL,
  `product_variant_id` int(10) unsigned DEFAULT NULL,
  `c_s_invoice_id` int(10) unsigned NOT NULL,
  `c_s_credit_note_id` int(10) unsigned NOT NULL,
  `c_s_storing_id` int(10) unsigned NOT NULL,
  `exchange_rate` decimal(6,3) unsigned NOT NULL DEFAULT '1.000',
  `business_partner_id` int(10) unsigned DEFAULT NULL,
  `currency_id` int(10) unsigned NOT NULL DEFAULT '1',
  PRIMARY KEY (`id`)
) ENGINE=InnoDB DEFAULT CHARSET=utf8 COLLATE=utf8_czech_ci;


DROP TABLE IF EXISTS `c_s_wallet_transactions`;
CREATE TABLE `c_s_wallet_transactions` (
  `id` int(10) unsigned NOT NULL AUTO_INCREMENT,
  `created` datetime NOT NULL,
  `modified` datetime NOT NULL,
  `c_s_rep_id` int(10) unsigned NOT NULL,
  `rep_first_name` varchar(150) COLLATE utf8_czech_ci NOT NULL,
  `rep_last_name` varchar(150) COLLATE utf8_czech_ci NOT NULL,
  `rep_street` varchar(100) COLLATE utf8_czech_ci NOT NULL,
  `rep_street_number` varchar(10) COLLATE utf8_czech_ci NOT NULL,
  `rep_city` varchar(150) COLLATE utf8_czech_ci NOT NULL,
  `rep_zip` varchar(6) COLLATE utf8_czech_ci NOT NULL,
  `rep_ico` varchar(20) COLLATE utf8_czech_ci NOT NULL,
  `rep_dic` varchar(20) COLLATE utf8_czech_ci NOT NULL,
  `amount` decimal(10,2) NOT NULL,
  `amount_after` decimal(10,2) NOT NULL,
  `year` varchar(4) COLLATE utf8_czech_ci NOT NULL,
  `month` varchar(2) COLLATE utf8_czech_ci NOT NULL,
  `order` varchar(3) COLLATE utf8_czech_ci NOT NULL,
  `user_id` int(10) unsigned NOT NULL,
  PRIMARY KEY (`id`)
) ENGINE=InnoDB DEFAULT CHARSET=utf8 COLLATE=utf8_czech_ci;


DROP TABLE IF EXISTS `contact_people`;
CREATE TABLE `contact_people` (
  `id` int(10) unsigned NOT NULL AUTO_INCREMENT,
  `created` datetime NOT NULL,
  `modified` datetime NOT NULL,
  `first_name` varchar(150) COLLATE utf8_czech_ci NOT NULL,
  `last_name` varchar(150) COLLATE utf8_czech_ci NOT NULL,
  `prefix` varchar(20) COLLATE utf8_czech_ci NOT NULL,
  `suffix` varchar(20) COLLATE utf8_czech_ci NOT NULL,
  `phone` varchar(17) COLLATE utf8_czech_ci NOT NULL,
  `cellular` varchar(17) COLLATE utf8_czech_ci NOT NULL,
  `email` varchar(150) COLLATE utf8_czech_ci NOT NULL,
  `note` text COLLATE utf8_czech_ci NOT NULL,
  `hobby` text COLLATE utf8_czech_ci NOT NULL,
  `business_partner_id` int(10) unsigned NOT NULL,
  `active` tinyint(1) NOT NULL DEFAULT '1',
  PRIMARY KEY (`id`)
) ENGINE=InnoDB DEFAULT CHARSET=utf8 COLLATE=utf8_czech_ci;


DROP TABLE IF EXISTS `costs`;
CREATE TABLE `costs` (
  `id` int(10) unsigned NOT NULL AUTO_INCREMENT,
  `created` datetime NOT NULL,
  `modified` datetime NOT NULL,
  `amount` decimal(10,2) NOT NULL DEFAULT '0.00',
  `description` text COLLATE utf8_czech_ci NOT NULL,
  `date` date NOT NULL,
  `business_session_id` int(10) unsigned NOT NULL,
  PRIMARY KEY (`id`)
) ENGINE=InnoDB DEFAULT CHARSET=utf8 COLLATE=utf8_czech_ci;


DROP TABLE IF EXISTS `currencies`;
CREATE TABLE `currencies` (
  `id` int(10) unsigned NOT NULL AUTO_INCREMENT,
  `created` datetime NOT NULL,
  `modified` datetime NOT NULL,
  `shortcut` varchar(5) COLLATE utf8_czech_ci NOT NULL,
  `order` int(10) unsigned NOT NULL,
  PRIMARY KEY (`id`)
) ENGINE=InnoDB DEFAULT CHARSET=utf8 COLLATE=utf8_czech_ci;

INSERT INTO `currencies` (`id`, `created`, `modified`, `shortcut`, `order`) VALUES
(1,	'0000-00-00 00:00:00',	'2014-05-27 15:24:35',	'Kč',	1),
(2,	'2014-05-27 15:24:43',	'2014-05-27 15:24:43',	'EUR',	2);

DROP TABLE IF EXISTS `documents`;
CREATE TABLE `documents` (
  `id` int(10) unsigned NOT NULL AUTO_INCREMENT,
  `created` datetime NOT NULL,
  `modified` datetime NOT NULL,
  `title` varchar(255) COLLATE utf8_czech_ci NOT NULL,
  `name` varchar(255) COLLATE utf8_czech_ci NOT NULL,
  `imposition_id` int(10) unsigned NOT NULL,
  `business_partner_id` int(10) unsigned NOT NULL,
  `offer_id` int(10) unsigned NOT NULL,
  PRIMARY KEY (`id`)
) ENGINE=InnoDB DEFAULT CHARSET=utf8 COLLATE=utf8_czech_ci;


DROP TABLE IF EXISTS `imposition_periods`;
CREATE TABLE `imposition_periods` (
  `id` int(10) unsigned NOT NULL AUTO_INCREMENT,
  `created` datetime NOT NULL,
  `modified` datetime NOT NULL,
  `name` varchar(30) COLLATE utf8_czech_ci NOT NULL,
  `interval` varchar(30) COLLATE utf8_czech_ci NOT NULL,
  PRIMARY KEY (`id`)
) ENGINE=InnoDB DEFAULT CHARSET=utf8 COLLATE=utf8_czech_ci;

INSERT INTO `imposition_periods` (`id`, `created`, `modified`, `name`, `interval`) VALUES
(1,	'2011-08-11 11:24:55',	'2011-08-11 11:24:55',	'denně',	'+1 day'),
(2,	'2011-08-11 11:25:52',	'2011-08-11 11:27:54',	'týdně',	'+1 week'),
(3,	'2011-08-11 11:28:28',	'2011-08-11 11:28:28',	'měsíčně',	'+1 month');

DROP TABLE IF EXISTS `imposition_states`;
CREATE TABLE `imposition_states` (
  `id` int(10) unsigned NOT NULL AUTO_INCREMENT,
  `created` datetime NOT NULL,
  `modified` datetime NOT NULL,
  `name` varchar(100) COLLATE utf8_czech_ci NOT NULL,
  PRIMARY KEY (`id`)
) ENGINE=InnoDB DEFAULT CHARSET=utf8 COLLATE=utf8_czech_ci;

INSERT INTO `imposition_states` (`id`, `created`, `modified`, `name`) VALUES
(1,	'2011-01-25 18:43:05',	'2011-01-25 18:43:05',	'otevřeno'),
(2,	'2011-01-25 18:43:13',	'2011-01-25 18:43:13',	'rozpracováno'),
(3,	'2011-01-25 18:43:20',	'2011-03-03 19:02:39',	'uzavřeno'),
(4,	'2011-01-25 18:43:26',	'2011-01-25 18:43:26',	'stornováno');

DROP TABLE IF EXISTS `impositions`;
CREATE TABLE `impositions` (
  `id` int(10) unsigned NOT NULL AUTO_INCREMENT,
  `created` datetime NOT NULL,
  `modified` datetime NOT NULL,
  `business_partner_id` int(10) unsigned NOT NULL,
  `user_id` int(10) unsigned NOT NULL,
  `title` varchar(50) COLLATE utf8_czech_ci NOT NULL,
  `description` text COLLATE utf8_czech_ci NOT NULL,
  `imposition_state_id` int(10) unsigned NOT NULL,
  `notified` tinyint(1) unsigned NOT NULL,
  PRIMARY KEY (`id`)
) ENGINE=InnoDB DEFAULT CHARSET=utf8 COLLATE=utf8_czech_ci;


DROP TABLE IF EXISTS `impositions_users`;
CREATE TABLE `impositions_users` (
  `id` int(10) unsigned NOT NULL AUTO_INCREMENT,
  `created` datetime NOT NULL,
  `modified` datetime NOT NULL,
  `user_id` int(10) unsigned NOT NULL,
  `imposition_id` int(10) unsigned NOT NULL,
  PRIMARY KEY (`id`)
) ENGINE=InnoDB DEFAULT CHARSET=utf8 COLLATE=utf8_czech_ci;


DROP TABLE IF EXISTS `languages`;
CREATE TABLE `languages` (
  `id` int(10) unsigned NOT NULL AUTO_INCREMENT,
  `created` datetime NOT NULL,
  `modified` datetime NOT NULL,
  `name` varchar(50) COLLATE utf8_czech_ci NOT NULL,
  `shortcut` varchar(5) COLLATE utf8_czech_ci NOT NULL,
  `order` int(10) unsigned NOT NULL,
  PRIMARY KEY (`id`)
) ENGINE=InnoDB DEFAULT CHARSET=utf8 COLLATE=utf8_czech_ci;

INSERT INTO `languages` (`id`, `created`, `modified`, `name`, `shortcut`, `order`) VALUES
(1,	'2014-05-30 10:40:13',	'2014-05-30 10:40:13',	'čeština',	'cs',	1),
(2,	'2014-05-30 10:41:01',	'2014-05-30 10:41:01',	'angličtina',	'en',	2);

DROP TABLE IF EXISTS `m_c_credit_notes`;
CREATE TABLE `m_c_credit_notes` (
  `id` int(10) unsigned NOT NULL AUTO_INCREMENT,
  `created` datetime NOT NULL,
  `modified` datetime NOT NULL,
  `date_of_issue` datetime NOT NULL,
  `due_date` date NOT NULL,
  `note` text COLLATE utf8_czech_ci NOT NULL,
  `year` varchar(4) COLLATE utf8_czech_ci NOT NULL,
  `month` varchar(2) COLLATE utf8_czech_ci NOT NULL,
  `order` varchar(3) COLLATE utf8_czech_ci NOT NULL,
  `amount` decimal(10,2) NOT NULL,
  `amount_vat` decimal(10,2) NOT NULL,
  `business_partner_id` int(10) unsigned NOT NULL,
  `user_id` int(10) unsigned NOT NULL,
  `currency_id` int(10) unsigned NOT NULL,
  `language_id` int(10) unsigned NOT NULL,
  PRIMARY KEY (`id`)
) ENGINE=InnoDB DEFAULT CHARSET=utf8 COLLATE=utf8_czech_ci;


DROP TABLE IF EXISTS `m_c_invoices`;
CREATE TABLE `m_c_invoices` (
  `id` int(10) unsigned NOT NULL AUTO_INCREMENT,
  `created` datetime NOT NULL,
  `modified` datetime NOT NULL,
  `date_of_issue` datetime NOT NULL,
  `due_date` date NOT NULL,
  `note` text COLLATE utf8_czech_ci NOT NULL,
  `year` varchar(4) COLLATE utf8_czech_ci NOT NULL,
  `month` varchar(2) COLLATE utf8_czech_ci NOT NULL,
  `order` varchar(3) COLLATE utf8_czech_ci NOT NULL,
  `amount` decimal(10,2) NOT NULL,
  `amount_vat` decimal(10,2) NOT NULL,
  `order_number` varchar(200) COLLATE utf8_czech_ci NOT NULL,
  `business_partner_id` int(10) unsigned NOT NULL,
  `user_id` int(10) unsigned NOT NULL,
  `currency_id` int(10) unsigned NOT NULL,
  `language_id` int(10) unsigned NOT NULL,
  PRIMARY KEY (`id`)
) ENGINE=InnoDB DEFAULT CHARSET=utf8 COLLATE=utf8_czech_ci;


DROP TABLE IF EXISTS `m_c_rep_purchases`;
CREATE TABLE `m_c_rep_purchases` (
  `id` int(10) unsigned NOT NULL AUTO_INCREMENT,
  `created` datetime NOT NULL,
  `modified` datetime NOT NULL,
  `amount` decimal(10,2) NOT NULL,
  `amount_vat` decimal(10,2) NOT NULL,
  `confirmed` tinyint(1) unsigned NOT NULL,
  `rep_id` int(11) NOT NULL,
  `user_id` int(10) unsigned DEFAULT NULL,
  `b_p_rep_purchase_id` int(10) unsigned NOT NULL,
  PRIMARY KEY (`id`)
) ENGINE=InnoDB DEFAULT CHARSET=utf8 COLLATE=utf8_czech_ci;


DROP TABLE IF EXISTS `m_c_rep_sales`;
CREATE TABLE `m_c_rep_sales` (
  `id` int(10) unsigned NOT NULL AUTO_INCREMENT,
  `created` datetime NOT NULL,
  `modified` datetime NOT NULL,
  `amount` decimal(10,2) NOT NULL,
  `amount_vat` decimal(10,2) NOT NULL,
  `confirmed` tinyint(1) unsigned NOT NULL,
  `confirm_date` datetime NOT NULL,
  `rep_id` int(10) unsigned NOT NULL,
  `user_id` int(10) unsigned NOT NULL,
  PRIMARY KEY (`id`)
) ENGINE=InnoDB DEFAULT CHARSET=utf8 COLLATE=utf8_czech_ci;


DROP TABLE IF EXISTS `m_c_rep_transaction_items`;
CREATE TABLE `m_c_rep_transaction_items` (
  `id` int(10) unsigned NOT NULL AUTO_INCREMENT,
  `created` datetime NOT NULL,
  `modified` datetime NOT NULL,
  `product_name` varchar(255) COLLATE utf8_czech_ci NOT NULL,
  `quantity` int(11) NOT NULL,
  `price` decimal(10,2) NOT NULL,
  `price_vat` decimal(10,2) NOT NULL,
  `product_variant_id` int(10) unsigned NOT NULL,
  `m_c_rep_sale_id` int(10) unsigned NOT NULL,
  `m_c_rep_purchase_id` int(10) unsigned NOT NULL,
  PRIMARY KEY (`id`)
) ENGINE=InnoDB DEFAULT CHARSET=utf8 COLLATE=utf8_czech_ci;


DROP TABLE IF EXISTS `m_c_storings`;
CREATE TABLE `m_c_storings` (
  `id` int(10) unsigned NOT NULL AUTO_INCREMENT,
  `created` datetime NOT NULL,
  `modified` datetime NOT NULL,
  `date` date NOT NULL,
  `time` time NOT NULL,
  `note` text COLLATE utf8_czech_ci NOT NULL,
  `user_id` int(10) unsigned NOT NULL,
  PRIMARY KEY (`id`)
) ENGINE=InnoDB DEFAULT CHARSET=utf8 COLLATE=utf8_czech_ci;


DROP TABLE IF EXISTS `m_c_transaction_items`;
CREATE TABLE `m_c_transaction_items` (
  `id` int(10) unsigned NOT NULL AUTO_INCREMENT,
  `created` datetime NOT NULL,
  `modified` datetime NOT NULL,
  `product_name` varchar(255) COLLATE utf8_czech_ci NOT NULL,
  `product_en_name` varchar(255) COLLATE utf8_czech_ci NOT NULL,
  `quantity` int(11) NOT NULL,
  `price` decimal(8,2) NOT NULL,
  `price_vat` decimal(8,2) NOT NULL,
  `description` varchar(255) COLLATE utf8_czech_ci NOT NULL,
  `product_variant_id` int(10) unsigned DEFAULT NULL,
  `m_c_invoice_id` int(10) unsigned NOT NULL,
  `m_c_credit_note_id` int(10) unsigned NOT NULL,
  `m_c_storing_id` int(11) NOT NULL,
  `exchange_rate` decimal(6,3) unsigned NOT NULL DEFAULT '1.000',
  `business_partner_id` int(10) unsigned DEFAULT NULL,
  `currency_id` int(10) unsigned NOT NULL DEFAULT '1',
  PRIMARY KEY (`id`)
) ENGINE=InnoDB DEFAULT CHARSET=utf8 COLLATE=utf8_czech_ci;


DROP TABLE IF EXISTS `mail_templates`;
CREATE TABLE `mail_templates` (
  `id` int(10) unsigned NOT NULL AUTO_INCREMENT,
  `created` datetime NOT NULL,
  `modified` datetime NOT NULL,
  `subject` varchar(155) NOT NULL,
  `content` text NOT NULL,
  `description` varchar(255) NOT NULL,
  PRIMARY KEY (`id`)
) ENGINE=InnoDB DEFAULT CHARSET=utf8;

INSERT INTO `mail_templates` (`id`, `created`, `modified`, `subject`, `content`, `description`) VALUES
(2,	'2011-05-01 10:42:16',	'2011-05-01 10:42:16',	'Expirující úkol',	'Dobrý den,\r\núkol, který jste zadal uživatelům:\r\n%resolvers%\r\nexpiruje za %expiration_days% dnů.\r\n\r\nInformace o úkolu:\r\n%imposition_description%\r\n\r\nÚkol si můžete po přihlášení zobrazit zde: http://c.lekarna-obzor.cz/user/impositions/view/%imposition_id%\r\n\r\nS pozravem tým CRM Lékárna Obzor CZ',	'expirujici ukol - upozorneni zadavateli'),
(3,	'2011-05-01 11:58:25',	'2011-05-01 11:58:25',	'Expirující úkol',	'Dobrý den,\r\n\r\nÚkol který Vám zadal %submitter% má být splněn do %expiration_days% dnů.\r\n\r\nInformace o úkolu:\r\n%imposition_description%\r\n\r\nÚkol si můžete po přihlášení zobrazit zde: http://c.lekarna-obzor.cz/user/impositions/view/%imposition_id%\r\n\r\nS pozravem tým CRM Lékárna Obzor CZ',	'expirujici ukol - upozorneni resitelum');

DROP TABLE IF EXISTS `name_days`;
CREATE TABLE `name_days` (
  `id` int(11) unsigned NOT NULL AUTO_INCREMENT,
  `day_in_year` int(10) unsigned NOT NULL,
  `name` varchar(100) NOT NULL,
  PRIMARY KEY (`id`)
) ENGINE=InnoDB DEFAULT CHARSET=utf8;

INSERT INTO `name_days` (`id`, `day_in_year`, `name`) VALUES
(1,	1,	'Nový rok'),
(2,	2,	'Karina'),
(3,	3,	'Radmila'),
(4,	4,	'Diana'),
(5,	5,	'Dalimil'),
(6,	6,	'Tři králové'),
(7,	7,	'Vilma'),
(8,	8,	'Čestmír'),
(9,	9,	'Vladan'),
(10,	10,	'Břetislav'),
(11,	11,	'Bohdana'),
(12,	12,	'Pravoslav'),
(13,	13,	'Edita'),
(14,	14,	'Radovan'),
(15,	15,	'Alice'),
(16,	16,	'Ctirad'),
(17,	17,	'Drahoslav'),
(18,	18,	'Vladislav'),
(19,	19,	'Doubravka'),
(20,	20,	'Ilona'),
(21,	21,	'Běla'),
(22,	22,	'Slavomír'),
(23,	23,	'Zdeněk'),
(24,	24,	'Milena'),
(25,	25,	'Miloš'),
(26,	26,	'Zora'),
(27,	27,	'Ingrid'),
(28,	28,	'Otýlie'),
(29,	29,	'Zdislava'),
(30,	30,	'Robin'),
(31,	31,	'Marika'),
(32,	32,	'Hynek'),
(33,	33,	'Nela'),
(34,	34,	'Blažej'),
(35,	35,	'Jarmila'),
(36,	36,	'Dobromila'),
(37,	37,	'Vanda'),
(38,	38,	'Veronika'),
(39,	39,	'Milada'),
(40,	40,	'Apolena'),
(41,	41,	'Mojmír'),
(42,	42,	'Božena'),
(43,	43,	'Slavěna'),
(44,	44,	'Věnceslav'),
(45,	45,	'Valentýn'),
(46,	46,	'Jiřina'),
(47,	47,	'Ljuba'),
(48,	48,	'Miloslava'),
(49,	49,	'Gizela'),
(50,	50,	'Patrik'),
(51,	51,	'Oldřich'),
(52,	52,	'Lenka'),
(53,	53,	'Petr'),
(54,	54,	'Svatopluk'),
(55,	55,	'Matěj'),
(56,	56,	'Liliana'),
(57,	57,	'Dorota'),
(58,	58,	'Alexandr'),
(59,	59,	'Lumír'),
(60,	60,	'Horymír'),
(61,	61,	'Bedřich'),
(62,	62,	'Anežka'),
(63,	63,	'Kamil'),
(64,	64,	'Stela'),
(65,	65,	'Kazimír'),
(66,	66,	'Miroslav'),
(67,	67,	'Tomáš'),
(68,	68,	'Gabriela'),
(69,	69,	'Františka'),
(70,	70,	'Viktorie'),
(71,	71,	'Anděla'),
(72,	72,	'Řehoř'),
(73,	73,	'Růžena'),
(74,	74,	'Rút'),
(75,	74,	'Matylda'),
(76,	75,	'Ida'),
(77,	76,	'Elena'),
(78,	76,	'Herbert'),
(79,	77,	'Vlastimil'),
(80,	78,	'Eduard'),
(81,	79,	'Josef'),
(82,	80,	'Světlana'),
(83,	81,	'Radek'),
(84,	82,	'Leona'),
(85,	83,	'Ivona'),
(86,	84,	'Gabriel'),
(87,	85,	'Marián'),
(88,	86,	'Emanuel'),
(89,	87,	'Dita'),
(90,	88,	'Soňa'),
(91,	89,	'Taťána'),
(92,	90,	'Arnošt'),
(93,	91,	'Kvido'),
(94,	92,	'Hugo'),
(95,	93,	'Erika'),
(96,	94,	'Richard'),
(97,	95,	'Ivana'),
(98,	96,	'Miroslava'),
(99,	97,	'Vendula'),
(100,	98,	'Heřman'),
(101,	98,	'Hermína'),
(102,	99,	'Ema'),
(103,	100,	'Dušan'),
(104,	101,	'Darja'),
(105,	102,	'Izabela'),
(106,	103,	'Julius'),
(107,	104,	'Aleš'),
(108,	105,	'Vincenc'),
(109,	106,	'Anastázie'),
(110,	107,	'Irena'),
(111,	108,	'Rudolf'),
(112,	109,	'Valérie'),
(113,	110,	'Rostislav'),
(114,	111,	'Marcela'),
(115,	112,	'Alexandra'),
(116,	113,	'Evžénie'),
(117,	114,	'Vojtěch'),
(118,	115,	'Jiří'),
(119,	116,	'Marek'),
(120,	117,	'Oto'),
(121,	118,	'Jaroslav'),
(122,	119,	'Vlastislav'),
(123,	120,	'Robert'),
(124,	121,	'Blahoslav'),
(125,	122,	'Svátek práce'),
(126,	123,	'Zikmund'),
(127,	124,	'Alexej'),
(128,	125,	'Květoslav'),
(129,	126,	'Klaudie'),
(130,	127,	'Radoslav'),
(131,	128,	'Stanislav'),
(132,	129,	'Statní svátek'),
(133,	130,	'Ctibor'),
(134,	131,	'Blažena'),
(135,	132,	'Svatava'),
(136,	133,	'Pankrác'),
(137,	134,	'Servác'),
(138,	135,	'Bonifác'),
(139,	136,	'Žofie'),
(140,	137,	'Přemysl'),
(141,	138,	'Aneta'),
(142,	139,	'Nataša'),
(143,	140,	'Ivo'),
(144,	141,	'Zbyšek'),
(145,	142,	'Monika'),
(146,	143,	'Emil'),
(147,	144,	'Vladimír'),
(148,	145,	'Jana'),
(149,	146,	'Viola'),
(150,	147,	'Filip'),
(151,	148,	'Valdemar'),
(152,	149,	'Vilém'),
(153,	150,	'Maxim'),
(154,	151,	'Ferdinand'),
(155,	152,	'Kamila'),
(156,	153,	'Laura'),
(157,	154,	'Jarmil'),
(158,	155,	'Tamara'),
(159,	156,	'Dalibor'),
(160,	157,	'Dobroslav'),
(161,	158,	'Norbert'),
(162,	159,	'Iveta'),
(163,	160,	'Medard'),
(164,	161,	'Stanislava'),
(165,	162,	'Gita'),
(166,	163,	'Bruno'),
(167,	164,	'Antonie'),
(168,	165,	'Antonín'),
(169,	166,	'Roland'),
(170,	167,	'Vít'),
(171,	168,	'Zbyněk'),
(172,	169,	'Adolf'),
(173,	170,	'Milan'),
(174,	171,	'Leoš'),
(175,	172,	'Květa'),
(176,	173,	'Alois'),
(177,	174,	'Pavla'),
(178,	175,	'Zdeňka'),
(179,	176,	'Jan'),
(180,	177,	'Ivan'),
(181,	178,	'Adriana'),
(182,	179,	'Ladislav'),
(183,	180,	'Lubomír'),
(184,	181,	'Petr a Pavel'),
(185,	182,	'Šárka'),
(186,	183,	'Jaroslava'),
(187,	184,	'Patricie'),
(188,	185,	'Radomír'),
(189,	186,	'Prokop'),
(190,	187,	'Cyril'),
(191,	187,	'Metoděj'),
(192,	188,	'Státní svátek - Mistr Jan Hus'),
(193,	189,	'Bohuslava'),
(194,	190,	'Nora'),
(195,	191,	'Drahoslava'),
(196,	192,	'Amálie'),
(197,	192,	'Libuše'),
(198,	193,	'Olga'),
(199,	194,	'Bořek'),
(200,	195,	'Markéta'),
(201,	196,	'Karolína'),
(202,	197,	'Jindřich'),
(203,	198,	'Luboš'),
(204,	199,	'Martina'),
(205,	200,	'Drahomíra'),
(206,	201,	'Čeněk'),
(207,	202,	'Ilja'),
(208,	203,	'Vítězslav'),
(209,	204,	'Magdaléna'),
(210,	205,	'Libor'),
(211,	206,	'Kristýna'),
(212,	207,	'Jakub'),
(213,	208,	'Anna'),
(214,	209,	'Věroslav'),
(215,	210,	'Viktor'),
(216,	211,	'Marta'),
(217,	212,	'Bořivoj'),
(218,	213,	'Ignác'),
(219,	214,	'Oskar'),
(220,	215,	'Gustav'),
(221,	216,	'Miluše'),
(222,	217,	'Dominik'),
(223,	218,	'Kristián'),
(224,	219,	'Oldřiška'),
(225,	220,	'Lada'),
(226,	221,	'Soběslav'),
(227,	222,	'Roman'),
(228,	223,	'Vavřinec'),
(229,	224,	'Zuzana'),
(230,	225,	'Klára'),
(231,	226,	'Alena'),
(232,	227,	'Alan'),
(233,	228,	'Hana'),
(234,	229,	'Jáchym'),
(235,	230,	'Petra'),
(236,	231,	'Helena'),
(237,	232,	'Ludvík'),
(238,	233,	'Bernard'),
(239,	234,	'Johana'),
(240,	235,	'Bohuslav'),
(241,	236,	'Sandra'),
(242,	237,	'Bartoloměj'),
(243,	238,	'Radim'),
(244,	239,	'Luděk'),
(245,	240,	'Otakar'),
(246,	241,	'Augustýn'),
(247,	242,	'Evelína'),
(248,	243,	'Vladěna'),
(249,	244,	'Pavlína'),
(250,	245,	'Linda'),
(251,	245,	'Samuel'),
(252,	246,	'Adéla'),
(253,	247,	'Bronislav'),
(254,	248,	'Jindřiška'),
(255,	249,	'Boris'),
(256,	250,	'Boleslav'),
(257,	251,	'Regína'),
(258,	252,	'Mariana'),
(259,	253,	'Daniela'),
(260,	254,	'Irma'),
(261,	255,	'Denisa'),
(262,	256,	'Marie'),
(263,	257,	'Lubor'),
(264,	258,	'Radka'),
(265,	259,	'Jolana'),
(266,	260,	'Ludmila'),
(267,	261,	'Naděžda'),
(268,	262,	'Kryštof'),
(269,	263,	'Zita'),
(270,	264,	'Oleg'),
(271,	265,	'Matouš'),
(272,	266,	'Darina'),
(273,	267,	'Berta'),
(274,	268,	'Jaromír'),
(275,	269,	'Zlata'),
(276,	270,	'Andrea'),
(277,	271,	'Jonáš'),
(278,	272,	'Václav'),
(279,	273,	'Michal'),
(280,	274,	'Jeroným'),
(281,	275,	'Igor'),
(282,	276,	'Olívie'),
(283,	276,	'Oliver'),
(284,	277,	'Bohumil'),
(285,	278,	'František'),
(286,	279,	'Eliška'),
(287,	280,	'Hanuš'),
(288,	281,	'Justýna'),
(289,	282,	'Věra'),
(290,	283,	'Štefan'),
(291,	283,	'Sára'),
(292,	284,	'Marina'),
(293,	285,	'Andrej'),
(294,	286,	'Marcel'),
(295,	287,	'Renáta'),
(296,	288,	'Agáta'),
(297,	289,	'Tereza'),
(298,	290,	'Havel'),
(299,	291,	'Hedvika'),
(300,	292,	'Lukáš'),
(301,	293,	'Michaela'),
(302,	294,	'Vendelín'),
(303,	295,	'Brigita'),
(304,	296,	'Sabina'),
(305,	297,	'Teodor'),
(306,	298,	'Nina'),
(307,	299,	'Beáta'),
(308,	300,	'Erik'),
(309,	301,	'Šarlota'),
(310,	301,	'Zoe'),
(311,	302,	'Státní svátek'),
(312,	303,	'Silvie'),
(313,	304,	'Tadeáš'),
(314,	305,	'Štěpánka'),
(315,	306,	'Felix'),
(316,	307,	'Památka zesnulých'),
(317,	308,	'Hubert'),
(318,	309,	'Karel'),
(319,	310,	'Miriam'),
(320,	311,	'Liběna'),
(321,	312,	'Saskie'),
(322,	313,	'Bohumír'),
(323,	314,	'Bohdan'),
(324,	315,	'Evžen'),
(325,	316,	'Martin'),
(326,	317,	'Benedikt'),
(327,	318,	'Tibor'),
(328,	319,	'Sáva'),
(329,	320,	'Leopold'),
(330,	321,	'Otmar'),
(331,	322,	'Mahuléna'),
(332,	323,	'Romana'),
(333,	324,	'Alžběta'),
(334,	325,	'Nikola'),
(335,	326,	'Albert'),
(336,	327,	'Cecílie'),
(337,	328,	'Klement'),
(338,	329,	'Emílie'),
(339,	330,	'Kateřina'),
(340,	331,	'Artur'),
(341,	332,	'Xenie'),
(342,	333,	'René'),
(343,	334,	'Zina'),
(344,	335,	'Ondřej'),
(345,	336,	'Iva'),
(346,	337,	'Blanka'),
(347,	338,	'Svatoslav'),
(348,	339,	'Barbora'),
(349,	340,	'Jitka'),
(350,	341,	'Mikuláš'),
(351,	342,	'Ambrož'),
(352,	343,	'Květoslava'),
(353,	344,	'Vratislav'),
(354,	345,	'Julie'),
(355,	346,	'Dana'),
(356,	347,	'Simona'),
(357,	348,	'Lucie'),
(358,	349,	'Lýdie'),
(359,	350,	'Radana'),
(360,	351,	'Albína'),
(361,	352,	'Daniel'),
(362,	353,	'Miloslav'),
(363,	354,	'Ester'),
(364,	355,	'Dagmar'),
(365,	356,	'Natálie'),
(366,	357,	'Šimon'),
(367,	358,	'Vlasta'),
(368,	359,	'Adam'),
(369,	359,	'Eva'),
(370,	360,	'1.svátek vánoční'),
(371,	361,	'Štěpán'),
(372,	362,	'Žaneta'),
(373,	363,	'Bohumila'),
(374,	364,	'Judita'),
(375,	365,	'David'),
(376,	366,	'Silvestr');

DROP TABLE IF EXISTS `offers`;
CREATE TABLE `offers` (
  `id` int(10) unsigned NOT NULL AUTO_INCREMENT,
  `created` datetime NOT NULL,
  `modified` datetime NOT NULL,
  `business_session_id` int(10) unsigned NOT NULL,
  `content` text COLLATE utf8_czech_ci NOT NULL,
  PRIMARY KEY (`id`)
) ENGINE=InnoDB DEFAULT CHARSET=utf8 COLLATE=utf8_czech_ci;


DROP TABLE IF EXISTS `product_variants`;
CREATE TABLE `product_variants` (
  `id` int(10) unsigned NOT NULL AUTO_INCREMENT,
  `created` datetime NOT NULL,
  `modified` datetime NOT NULL,
  `product_id` int(10) unsigned NOT NULL,
  `lot` varchar(20) COLLATE utf8_czech_ci NOT NULL,
  `exp` varchar(20) COLLATE utf8_czech_ci NOT NULL,
  `meavita_quantity` int(8) NOT NULL,
  `meavita_reserved_quantity` int(8) NOT NULL COMMENT 'pocet kusu, ktere repove pozaduji ze skladu, ale prevod jeste neni schvalen',
  `meavita_future_quantity` int(8) NOT NULL COMMENT 'pocet kusu, ktere repove koupili, ale nakup jeste neni schvalen',
  `meavita_price` decimal(12,2) NOT NULL,
  `meavita_margin` decimal(12,2) DEFAULT NULL,
  `m_c_quantity` int(8) NOT NULL,
  `m_c_reserved_quantity` int(8) NOT NULL COMMENT 'pocet kusu, ktere repove pozaduji ze skladu, ale prevod jeste neni schvalen',
  `m_c_future_quantity` int(8) NOT NULL COMMENT 'pocet kusu, ktere repove koupili, ale nakup jeste neni schvalen',
  `m_c_price` decimal(12,2) NOT NULL,
  `m_c_margin` decimal(12,2) NOT NULL,
  `active` tinyint(1) NOT NULL DEFAULT '1',
  PRIMARY KEY (`id`),
  KEY `product_id` (`product_id`)
) ENGINE=InnoDB DEFAULT CHARSET=utf8 COLLATE=utf8_czech_ci;


DROP TABLE IF EXISTS `product_variants_transactions`;
CREATE TABLE `product_variants_transactions` (
  `id` int(10) unsigned NOT NULL AUTO_INCREMENT,
  `created` datetime NOT NULL,
  `modified` datetime NOT NULL,
  `product_id` int(10) unsigned NOT NULL,
  `product_variant_id` int(10) unsigned NOT NULL,
  `transaction_id` int(10) unsigned NOT NULL,
  `quantity` int(10) NOT NULL,
  `unit_price` decimal(8,2) unsigned NOT NULL,
  `product_margin` decimal(5,2) unsigned NOT NULL,
  PRIMARY KEY (`id`)
) ENGINE=InnoDB DEFAULT CHARSET=utf8 COLLATE=utf8_czech_ci;


DROP TABLE IF EXISTS `products`;
CREATE TABLE `products` (
  `id` int(10) unsigned NOT NULL AUTO_INCREMENT,
  `created` datetime NOT NULL,
  `modified` datetime NOT NULL,
  `vzp_code` varchar(20) COLLATE utf8_czech_ci DEFAULT NULL,
  `group_code` varchar(10) COLLATE utf8_czech_ci DEFAULT NULL,
  `referential_number` varchar(12) COLLATE utf8_czech_ci DEFAULT NULL,
  `name` varchar(255) COLLATE utf8_czech_ci NOT NULL,
  `en_name` varchar(255) COLLATE utf8_czech_ci NOT NULL,
  `unit_id` int(10) unsigned NOT NULL,
  `price` decimal(8,2) unsigned NOT NULL,
  `margin` decimal(5,2) unsigned DEFAULT NULL,
  `active` tinyint(1) NOT NULL,
  `tax_class_id` int(10) unsigned NOT NULL,
  PRIMARY KEY (`id`)
) ENGINE=InnoDB DEFAULT CHARSET=utf8 COLLATE=utf8_czech_ci;

INSERT INTO `products` (`id`, `created`, `modified`, `vzp_code`, `group_code`, `referential_number`, `name`, `en_name`, `unit_id`, `price`, `margin`, `active`, `tax_class_id`) VALUES
(1,	'2014-08-16 09:39:07',	'2014-08-16 09:39:07',	'vzp-code',	'group-code',	'referential',	'tablety',	'pills',	3,	0.00,	NULL,	1,	2);

DROP TABLE IF EXISTS `recursive_impositions`;
CREATE TABLE `recursive_impositions` (
  `id` int(10) unsigned NOT NULL AUTO_INCREMENT,
  `created` datetime NOT NULL,
  `modified` datetime NOT NULL,
  `imposition_id` int(10) unsigned NOT NULL,
  `from` date NOT NULL,
  `to` date DEFAULT NULL,
  `imposition_period_id` int(10) unsigned NOT NULL,
  PRIMARY KEY (`id`)
) ENGINE=InnoDB DEFAULT CHARSET=utf8 COLLATE=utf8_czech_ci;


DROP TABLE IF EXISTS `rep_attributes`;
CREATE TABLE `rep_attributes` (
  `id` int(11) NOT NULL AUTO_INCREMENT,
  `created` datetime NOT NULL,
  `modified` datetime NOT NULL,
  `street` varchar(100) COLLATE utf8_czech_ci NOT NULL,
  `street_number` varchar(10) COLLATE utf8_czech_ci NOT NULL,
  `city` varchar(150) COLLATE utf8_czech_ci NOT NULL,
  `zip` varchar(6) COLLATE utf8_czech_ci NOT NULL,
  `ico` varchar(20) COLLATE utf8_czech_ci NOT NULL,
  `dic` varchar(20) COLLATE utf8_czech_ci NOT NULL,
  `rep_id` int(10) unsigned NOT NULL,
  `last_sale` date NOT NULL,
  PRIMARY KEY (`id`)
) ENGINE=InnoDB DEFAULT CHARSET=utf8 COLLATE=utf8_czech_ci;

INSERT INTO `rep_attributes` (`id`, `created`, `modified`, `street`, `street_number`, `city`, `zip`, `ico`, `dic`, `rep_id`, `last_sale`) VALUES
(1,	'2014-07-24 14:07:37',	'2014-07-24 14:07:37',	'Repova',	'123',	'Repov',	'12345',	'',	'',	34,	'0000-00-00'),
(2,	'2014-08-04 09:22:52',	'2014-08-04 09:22:52',	'Novakova',	'123',	'Novakov',	'12345',	'',	'',	37,	'0000-00-00'),
(3,	'2014-08-16 09:40:31',	'2014-08-16 09:40:31',	'mcrepova',	'123',	'mcrepov',	'12345',	'',	'',	38,	'0000-00-00'),
(4,	'2014-08-21 14:35:44',	'2014-08-21 16:37:46',	'new',	'new',	'new',	'12345',	'',	'',	42,	'2014-08-21');

DROP TABLE IF EXISTS `rep_store_items`;
CREATE TABLE `rep_store_items` (
  `id` int(10) unsigned NOT NULL AUTO_INCREMENT,
  `created` datetime NOT NULL,
  `modified` datetime NOT NULL,
  `rep_id` int(10) unsigned NOT NULL,
  `product_variant_id` int(10) unsigned NOT NULL,
  `quantity` int(11) NOT NULL,
  `price` decimal(10,2) NOT NULL,
  `price_vat` decimal(10,2) NOT NULL,
  `is_saleable` tinyint(1) unsigned NOT NULL,
  PRIMARY KEY (`id`)
) ENGINE=InnoDB DEFAULT CHARSET=utf8 COLLATE=utf8_czech_ci;


DROP TABLE IF EXISTS `settings`;
CREATE TABLE `settings` (
  `id` int(11) NOT NULL AUTO_INCREMENT,
  `created` datetime NOT NULL,
  `modified` datetime NOT NULL,
  `name` varchar(255) COLLATE utf8_czech_ci NOT NULL,
  `value` text COLLATE utf8_czech_ci NOT NULL,
  PRIMARY KEY (`id`)
) ENGINE=InnoDB DEFAULT CHARSET=utf8 COLLATE=utf8_czech_ci;

INSERT INTO `settings` (`id`, `created`, `modified`, `name`, `value`) VALUES
(1,	'2014-08-20 18:56:50',	'2014-08-22 00:01:54',	'EXCHANGE_RATE',	'27.820'),
(2,	'2014-08-20 18:57:21',	'2014-08-22 00:01:54',	'EXCHANGE_RATE_DOWNLOAD_DATE',	'2014-08-22');

DROP TABLE IF EXISTS `solution_states`;
CREATE TABLE `solution_states` (
  `id` int(10) unsigned NOT NULL AUTO_INCREMENT,
  `created` datetime NOT NULL,
  `modified` datetime NOT NULL,
  `name` varchar(50) COLLATE utf8_czech_ci NOT NULL,
  `opened` tinyint(1) NOT NULL,
  PRIMARY KEY (`id`)
) ENGINE=InnoDB DEFAULT CHARSET=utf8 COLLATE=utf8_czech_ci;

INSERT INTO `solution_states` (`id`, `created`, `modified`, `name`, `opened`) VALUES
(2,	'2011-08-06 10:40:09',	'2011-08-06 10:40:09',	'k vyřešení',	1),
(3,	'2011-08-06 10:40:27',	'2011-08-06 10:40:27',	'vyřešeno',	0);

DROP TABLE IF EXISTS `solutions`;
CREATE TABLE `solutions` (
  `id` int(10) unsigned NOT NULL AUTO_INCREMENT,
  `created` datetime NOT NULL,
  `modified` datetime NOT NULL,
  `imposition_id` int(10) unsigned NOT NULL,
  `solution_state_id` int(10) unsigned NOT NULL,
  `accomplishment_date` date NOT NULL,
  `note` text COLLATE utf8_czech_ci NOT NULL,
  PRIMARY KEY (`id`)
) ENGINE=InnoDB DEFAULT CHARSET=utf8 COLLATE=utf8_czech_ci;


DROP TABLE IF EXISTS `store_items`;
CREATE TABLE `store_items` (
  `id` int(10) unsigned NOT NULL AUTO_INCREMENT,
  `created` datetime NOT NULL,
  `modified` datetime NOT NULL,
  `business_partner_id` int(10) unsigned NOT NULL,
  `product_variant_id` int(10) unsigned NOT NULL,
  `quantity` int(10) NOT NULL,
  PRIMARY KEY (`id`)
) ENGINE=InnoDB DEFAULT CHARSET=utf8 COLLATE=utf8_czech_ci;


DROP TABLE IF EXISTS `tax_classes`;
CREATE TABLE `tax_classes` (
  `id` int(10) unsigned NOT NULL AUTO_INCREMENT,
  `created` datetime NOT NULL,
  `modified` datetime NOT NULL,
  `name` varchar(20) COLLATE utf8_czech_ci NOT NULL,
  `value` int(10) unsigned NOT NULL,
  `active` tinyint(1) unsigned NOT NULL,
  PRIMARY KEY (`id`)
) ENGINE=InnoDB DEFAULT CHARSET=utf8 COLLATE=utf8_czech_ci;

INSERT INTO `tax_classes` (`id`, `created`, `modified`, `name`, `value`, `active`) VALUES
(1,	'2013-11-20 10:53:19',	'2013-11-20 10:53:19',	'15 %',	15,	1),
(2,	'2013-11-20 10:53:33',	'2013-11-20 10:53:33',	'21 %',	21,	1),
(3,	'2014-08-18 15:54:15',	'2014-08-18 16:02:15',	'5 %',	5,	0);

DROP TABLE IF EXISTS `transaction_types`;
CREATE TABLE `transaction_types` (
  `id` int(10) unsigned NOT NULL AUTO_INCREMENT,
  `created` datetime NOT NULL,
  `modified` datetime NOT NULL,
  `name` varchar(50) COLLATE utf8_czech_ci NOT NULL,
  `subtract` tinyint(1) NOT NULL,
  PRIMARY KEY (`id`)
) ENGINE=InnoDB DEFAULT CHARSET=utf8 COLLATE=utf8_czech_ci;

INSERT INTO `transaction_types` (`id`, `created`, `modified`, `name`, `subtract`) VALUES
(1,	'2013-06-10 10:53:00',	'2013-06-10 10:53:00',	'dodací list',	0),
(3,	'2013-06-10 11:09:19',	'2013-06-10 11:09:31',	'prodej',	1);

DROP TABLE IF EXISTS `transactions`;
CREATE TABLE `transactions` (
  `id` int(10) unsigned NOT NULL AUTO_INCREMENT,
  `created` datetime NOT NULL,
  `modified` datetime NOT NULL,
  `code` varchar(20) COLLATE utf8_czech_ci NOT NULL,
  `business_partner_id` int(10) unsigned NOT NULL,
  `date` date NOT NULL,
  `time` time NOT NULL,
  `transaction_type_id` int(10) unsigned NOT NULL,
  `user_id` int(10) unsigned NOT NULL,
  PRIMARY KEY (`id`)
) ENGINE=InnoDB DEFAULT CHARSET=utf8 COLLATE=utf8_czech_ci;


DROP TABLE IF EXISTS `units`;
CREATE TABLE `units` (
  `id` int(10) unsigned NOT NULL AUTO_INCREMENT,
  `created` datetime NOT NULL,
  `modified` datetime NOT NULL,
  `name` varchar(20) COLLATE utf8_czech_ci NOT NULL,
  `shortcut` varchar(5) COLLATE utf8_czech_ci NOT NULL,
  PRIMARY KEY (`id`)
) ENGINE=InnoDB DEFAULT CHARSET=utf8 COLLATE=utf8_czech_ci;

INSERT INTO `units` (`id`, `created`, `modified`, `name`, `shortcut`) VALUES
(2,	'2013-06-07 16:26:12',	'2013-06-14 17:41:57',	'kus',	'ks.'),
(3,	'2013-06-07 16:26:28',	'2013-06-14 17:42:02',	'balení',	'bal.'),
(4,	'2013-06-15 11:20:35',	'2013-06-15 11:20:35',	'pár',	'pár');

DROP TABLE IF EXISTS `user_regions`;
CREATE TABLE `user_regions` (
  `id` int(10) unsigned NOT NULL AUTO_INCREMENT,
  `created` datetime NOT NULL,
  `modified` datetime NOT NULL,
  `user_id` int(10) unsigned NOT NULL,
  `name` varchar(100) COLLATE utf8_czech_ci NOT NULL,
  `zip` varchar(5) COLLATE utf8_czech_ci NOT NULL,
  PRIMARY KEY (`id`)
) ENGINE=InnoDB DEFAULT CHARSET=utf8 COLLATE=utf8_czech_ci;


DROP TABLE IF EXISTS `user_types`;
CREATE TABLE `user_types` (
  `id` int(10) unsigned NOT NULL AUTO_INCREMENT,
  `created` datetime NOT NULL,
  `modified` datetime NOT NULL,
  `name` varchar(50) COLLATE utf8_czech_ci NOT NULL,
  PRIMARY KEY (`id`)
) ENGINE=InnoDB DEFAULT CHARSET=utf8 COLLATE=utf8_czech_ci;

INSERT INTO `user_types` (`id`, `created`, `modified`, `name`) VALUES
(1,	'2011-02-03 15:13:33',	'2011-02-03 15:13:33',	'admin'),
(2,	'2011-02-03 15:13:39',	'2011-02-03 15:13:39',	'manager'),
(3,	'2011-02-03 15:14:00',	'2011-02-03 15:14:00',	'user'),
(4,	'2014-06-06 10:13:45',	'2014-06-06 10:13:45',	'rep'),
(5,	'0000-00-00 00:00:00',	'0000-00-00 00:00:00',	'c_s_rep');

DROP TABLE IF EXISTS `users`;
CREATE TABLE `users` (
  `id` int(10) unsigned NOT NULL AUTO_INCREMENT,
  `created` datetime NOT NULL,
  `modified` datetime NOT NULL,
  `first_name` varchar(150) COLLATE utf8_czech_ci NOT NULL,
  `last_name` varchar(150) COLLATE utf8_czech_ci NOT NULL,
  `phone` varchar(17) COLLATE utf8_czech_ci NOT NULL,
  `email` varchar(150) COLLATE utf8_czech_ci NOT NULL,
  `login` varchar(20) COLLATE utf8_czech_ci NOT NULL,
  `wallet` decimal(10,2) NOT NULL,
  `password` varchar(32) COLLATE utf8_czech_ci NOT NULL,
  `user_type_id` int(10) unsigned NOT NULL,
  `active` tinyint(1) unsigned NOT NULL DEFAULT '1',
  PRIMARY KEY (`id`)
) ENGINE=InnoDB DEFAULT CHARSET=utf8 COLLATE=utf8_czech_ci;

INSERT INTO `users` (`id`, `created`, `modified`, `first_name`, `last_name`, `phone`, `email`, `login`, `wallet`, `password`, `user_type_id`, `active`) VALUES
(1,	'0000-00-00 00:00:00',	'2011-03-02 11:28:07',	'Martin',	'Polák',	'123123124',	'brko11@gmail.com',	'brko',	0.00,	'129fffb94952a61866c198a7d5d9c516',	1,	1),
(9,	'2011-08-18 08:39:26',	'2011-08-18 08:39:26',	'Vladimír',	'Tovarňák',	'+420775085236',	'vlado.tovarnak@gmail.com',	'vlado.tova',	0.00,	'86266ee937d97f812a8e57d22b62ee29',	1,	1),
(10,	'2013-01-22 19:23:38',	'2013-06-15 14:19:51',	'Martin',	'Drdla',	'123123123',	'sales@meavita.cz',	'drdla',	0.00,	'ebed3e79a5806e6c181c841972b641ef',	1,	1),
(11,	'2013-01-24 20:06:03',	'2013-08-26 11:37:52',	'Radovan',	'Kramář',	'602773176',	'pharmacorp@pharmacorp.cz',	'kramar',	0.00,	'a424ed4bd3a7d6aea720b86d4a360f75',	3,	1),
(12,	'2013-01-24 20:07:52',	'2013-01-24 20:07:52',	'Zdena',	'Klímová',	'722779110',	'objednavky@meavita.cz',	'klimova',	0.00,	'8fcdeac5387c47148b706ec3f4927f0c',	2,	1),
(13,	'2013-01-24 20:10:41',	'2013-01-24 20:10:41',	'Lukáš',	'Neustupa',	'602773453',	'meavita@meavita.cz',	'neustupa',	0.00,	'5f9e71dcbf1a99e81144f9ff3a4c597d',	1,	1),
(14,	'2013-02-19 14:42:31',	'2013-02-19 14:42:31',	'user',	'user',	'123123123',	'martin.polak@mokra.cz',	'user',	0.00,	'ee11cbb19052e40b07aac0ca060c23ee',	3,	1),
(15,	'2013-02-19 14:45:51',	'2013-02-19 14:45:51',	'manager',	'manager',	'123123123',	'gaetana.lb@gmail.com',	'manager',	0.00,	'1d0258c2440a8d19e716292b231e3190',	2,	1),
(35,	'2014-07-29 23:17:36',	'2014-07-29 23:18:57',	'Břetislav',	'Strnad',	'774950054',	'bretislav.strnad@medicalcorp.cz',	'bretastrnad',	0.00,	'f0448bdf1ad9d83e029d9b49ed910e33',	1,	1),
(38,	'2014-08-16 09:40:31',	'2014-08-21 17:04:11',	'MCRep',	'MCRep',	'123456789',	'mcrep@meavita.cz',	'mcrep',	7889.00,	'c0655ad9c4080ec638aa9322e8c601a2',	4,	1),
(39,	'2014-08-16 10:45:35',	'2014-08-21 17:26:46',	'MeaRep',	'MeaRep',	'321654987',	'mearep@meavita.cz',	'mearep',	33286.00,	'0f9624b215e85fca564e034843c430fe',	5,	1),
(41,	'2014-08-21 14:31:57',	'2014-08-21 14:31:57',	'novy',	'novy',	'novy',	'novy@seznam.cz',	'novy',	0.00,	'88988b6bf93fb3de861aca373ca8802d',	5,	1),
(42,	'2014-08-21 14:35:44',	'2014-08-21 16:55:41',	'new',	'new',	'new',	'new@seznam.cz',	'new',	10000.00,	'22af645d1859cb5ca6da0c484f1f37ea',	4,	1),
(43,	'2014-08-21 14:40:06',	'2014-08-21 14:40:06',	'mea',	'mea',	'mea',	'mea@meavita.cz',	'mea',	0.00,	'483bbc62bf0631a19acaefa0a24e2f1e',	5,	1);

DROP TABLE IF EXISTS `wallet_transactions`;
CREATE TABLE `wallet_transactions` (
  `id` int(10) unsigned NOT NULL AUTO_INCREMENT,
  `created` datetime NOT NULL,
  `modified` datetime NOT NULL,
  `rep_id` int(10) unsigned NOT NULL,
  `rep_first_name` varchar(150) COLLATE utf8_czech_ci NOT NULL,
  `rep_last_name` varchar(150) COLLATE utf8_czech_ci NOT NULL,
  `rep_street` varchar(100) COLLATE utf8_czech_ci NOT NULL,
  `rep_street_number` varchar(10) COLLATE utf8_czech_ci NOT NULL,
  `rep_city` varchar(150) COLLATE utf8_czech_ci NOT NULL,
  `rep_zip` varchar(6) COLLATE utf8_czech_ci NOT NULL,
  `rep_ico` varchar(20) COLLATE utf8_czech_ci NOT NULL,
  `rep_dic` varchar(20) COLLATE utf8_czech_ci NOT NULL,
  `amount` decimal(10,2) NOT NULL,
  `amount_after` decimal(10,2) NOT NULL,
  `year` varchar(4) COLLATE utf8_czech_ci NOT NULL,
  `month` varchar(2) COLLATE utf8_czech_ci NOT NULL,
  `order` varchar(3) COLLATE utf8_czech_ci NOT NULL,
  `user_id` int(10) unsigned NOT NULL,
  PRIMARY KEY (`id`)
) ENGINE=InnoDB DEFAULT CHARSET=utf8 COLLATE=utf8_czech_ci;


-- 2014-08-22 10:57:53
